Rank;V22Min;V25Min;Total;OK;KO;PctOK;NoAUTotal;NoAUOK;NoAUKO;NoAUPctOK;TrainTotal;TrainOK;TrainKO;TrainPctOK;TestTotal;TestOK;TestKO;TestPctOK
1;55.0;55.0;11;11;0;100.0;11;11;0;100.0;8;8;0;100.0;3;3;0;100.0
2;55.0;56.0;11;11;0;100.0;11;11;0;100.0;8;8;0;100.0;3;3;0;100.0
3;55.0;57.0;11;11;0;100.0;11;11;0;100.0;8;8;0;100.0;3;3;0;100.0
4;55.0;58.0;11;11;0;100.0;11;11;0;100.0;8;8;0;100.0;3;3;0;100.0
5;55.0;59.0;11;11;0;100.0;11;11;0;100.0;8;8;0;100.0;3;3;0;100.0
6;55.0;60.0;11;11;0;100.0;11;11;0;100.0;8;8;0;100.0;3;3;0;100.0
7;55.0;61.0;11;11;0;100.0;11;11;0;100.0;8;8;0;100.0;3;3;0;100.0
8;55.0;62.0;11;11;0;100.0;11;11;0;100.0;8;8;0;100.0;3;3;0;100.0
9;55.0;63.0;11;11;0;100.0;11;11;0;100.0;8;8;0;100.0;3;3;0;100.0
10;55.0;64.0;11;11;0;100.0;11;11;0;100.0;8;8;0;100.0;3;3;0;100.0
11;55.0;65.0;11;11;0;100.0;11;11;0;100.0;8;8;0;100.0;3;3;0;100.0
12;55.0;66.0;11;11;0;100.0;11;11;0;100.0;8;8;0;100.0;3;3;0;100.0
13;56.0;55.0;11;11;0;100.0;11;11;0;100.0;8;8;0;100.0;3;3;0;100.0
14;56.0;56.0;11;11;0;100.0;11;11;0;100.0;8;8;0;100.0;3;3;0;100.0
15;56.0;57.0;11;11;0;100.0;11;11;0;100.0;8;8;0;100.0;3;3;0;100.0
16;56.0;58.0;11;11;0;100.0;11;11;0;100.0;8;8;0;100.0;3;3;0;100.0
17;56.0;59.0;11;11;0;100.0;11;11;0;100.0;8;8;0;100.0;3;3;0;100.0
18;56.0;60.0;11;11;0;100.0;11;11;0;100.0;8;8;0;100.0;3;3;0;100.0
19;56.0;61.0;11;11;0;100.0;11;11;0;100.0;8;8;0;100.0;3;3;0;100.0
20;56.0;62.0;11;11;0;100.0;11;11;0;100.0;8;8;0;100.0;3;3;0;100.0
21;56.0;63.0;11;11;0;100.0;11;11;0;100.0;8;8;0;100.0;3;3;0;100.0
22;56.0;64.0;11;11;0;100.0;11;11;0;100.0;8;8;0;100.0;3;3;0;100.0
23;56.0;65.0;11;11;0;100.0;11;11;0;100.0;8;8;0;100.0;3;3;0;100.0
24;56.0;66.0;11;11;0;100.0;11;11;0;100.0;8;8;0;100.0;3;3;0;100.0
25;57.0;55.0;11;11;0;100.0;11;11;0;100.0;8;8;0;100.0;3;3;0;100.0
26;57.0;56.0;11;11;0;100.0;11;11;0;100.0;8;8;0;100.0;3;3;0;100.0
27;57.0;57.0;11;11;0;100.0;11;11;0;100.0;8;8;0;100.0;3;3;0;100.0
28;57.0;58.0;11;11;0;100.0;11;11;0;100.0;8;8;0;100.0;3;3;0;100.0
29;57.0;59.0;11;11;0;100.0;11;11;0;100.0;8;8;0;100.0;3;3;0;100.0
30;57.0;60.0;11;11;0;100.0;11;11;0;100.0;8;8;0;100.0;3;3;0;100.0
31;57.0;61.0;11;11;0;100.0;11;11;0;100.0;8;8;0;100.0;3;3;0;100.0
32;57.0;62.0;11;11;0;100.0;11;11;0;100.0;8;8;0;100.0;3;3;0;100.0
33;57.0;63.0;11;11;0;100.0;11;11;0;100.0;8;8;0;100.0;3;3;0;100.0
34;57.0;64.0;11;11;0;100.0;11;11;0;100.0;8;8;0;100.0;3;3;0;100.0
35;57.0;65.0;11;11;0;100.0;11;11;0;100.0;8;8;0;100.0;3;3;0;100.0
36;57.0;66.0;11;11;0;100.0;11;11;0;100.0;8;8;0;100.0;3;3;0;100.0
37;58.0;55.0;11;11;0;100.0;11;11;0;100.0;8;8;0;100.0;3;3;0;100.0
38;58.0;56.0;11;11;0;100.0;11;11;0;100.0;8;8;0;100.0;3;3;0;100.0
39;58.0;57.0;11;11;0;100.0;11;11;0;100.0;8;8;0;100.0;3;3;0;100.0
40;58.0;58.0;11;11;0;100.0;11;11;0;100.0;8;8;0;100.0;3;3;0;100.0
41;58.0;59.0;11;11;0;100.0;11;11;0;100.0;8;8;0;100.0;3;3;0;100.0
42;58.0;60.0;11;11;0;100.0;11;11;0;100.0;8;8;0;100.0;3;3;0;100.0
43;58.0;61.0;11;11;0;100.0;11;11;0;100.0;8;8;0;100.0;3;3;0;100.0
44;58.0;62.0;11;11;0;100.0;11;11;0;100.0;8;8;0;100.0;3;3;0;100.0
45;58.0;63.0;11;11;0;100.0;11;11;0;100.0;8;8;0;100.0;3;3;0;100.0
46;58.0;64.0;11;11;0;100.0;11;11;0;100.0;8;8;0;100.0;3;3;0;100.0
47;58.0;65.0;11;11;0;100.0;11;11;0;100.0;8;8;0;100.0;3;3;0;100.0
48;58.0;66.0;11;11;0;100.0;11;11;0;100.0;8;8;0;100.0;3;3;0;100.0
49;59.0;55.0;11;11;0;100.0;11;11;0;100.0;8;8;0;100.0;3;3;0;100.0
50;59.0;56.0;11;11;0;100.0;11;11;0;100.0;8;8;0;100.0;3;3;0;100.0
51;59.0;57.0;11;11;0;100.0;11;11;0;100.0;8;8;0;100.0;3;3;0;100.0
52;59.0;58.0;11;11;0;100.0;11;11;0;100.0;8;8;0;100.0;3;3;0;100.0
53;59.0;59.0;11;11;0;100.0;11;11;0;100.0;8;8;0;100.0;3;3;0;100.0
54;59.0;60.0;11;11;0;100.0;11;11;0;100.0;8;8;0;100.0;3;3;0;100.0
55;59.0;61.0;11;11;0;100.0;11;11;0;100.0;8;8;0;100.0;3;3;0;100.0
56;59.0;62.0;11;11;0;100.0;11;11;0;100.0;8;8;0;100.0;3;3;0;100.0
57;59.0;63.0;11;11;0;100.0;11;11;0;100.0;8;8;0;100.0;3;3;0;100.0
58;59.0;64.0;11;11;0;100.0;11;11;0;100.0;8;8;0;100.0;3;3;0;100.0
59;59.0;65.0;11;11;0;100.0;11;11;0;100.0;8;8;0;100.0;3;3;0;100.0
60;59.0;66.0;11;11;0;100.0;11;11;0;100.0;8;8;0;100.0;3;3;0;100.0
61;60.0;55.0;11;11;0;100.0;11;11;0;100.0;8;8;0;100.0;3;3;0;100.0
62;60.0;56.0;11;11;0;100.0;11;11;0;100.0;8;8;0;100.0;3;3;0;100.0
63;60.0;57.0;11;11;0;100.0;11;11;0;100.0;8;8;0;100.0;3;3;0;100.0
64;60.0;58.0;11;11;0;100.0;11;11;0;100.0;8;8;0;100.0;3;3;0;100.0
65;60.0;59.0;11;11;0;100.0;11;11;0;100.0;8;8;0;100.0;3;3;0;100.0
66;60.0;60.0;11;11;0;100.0;11;11;0;100.0;8;8;0;100.0;3;3;0;100.0
67;60.0;61.0;11;11;0;100.0;11;11;0;100.0;8;8;0;100.0;3;3;0;100.0
68;60.0;62.0;11;11;0;100.0;11;11;0;100.0;8;8;0;100.0;3;3;0;100.0
69;60.0;63.0;11;11;0;100.0;11;11;0;100.0;8;8;0;100.0;3;3;0;100.0
70;60.0;64.0;11;11;0;100.0;11;11;0;100.0;8;8;0;100.0;3;3;0;100.0
71;60.0;65.0;11;11;0;100.0;11;11;0;100.0;8;8;0;100.0;3;3;0;100.0
72;60.0;66.0;11;11;0;100.0;11;11;0;100.0;8;8;0;100.0;3;3;0;100.0
73;61.0;55.0;11;11;0;100.0;11;11;0;100.0;8;8;0;100.0;3;3;0;100.0
74;61.0;56.0;11;11;0;100.0;11;11;0;100.0;8;8;0;100.0;3;3;0;100.0
75;61.0;57.0;11;11;0;100.0;11;11;0;100.0;8;8;0;100.0;3;3;0;100.0
76;61.0;58.0;11;11;0;100.0;11;11;0;100.0;8;8;0;100.0;3;3;0;100.0
77;61.0;59.0;11;11;0;100.0;11;11;0;100.0;8;8;0;100.0;3;3;0;100.0
78;61.0;60.0;11;11;0;100.0;11;11;0;100.0;8;8;0;100.0;3;3;0;100.0
79;61.0;61.0;11;11;0;100.0;11;11;0;100.0;8;8;0;100.0;3;3;0;100.0
80;61.0;62.0;11;11;0;100.0;11;11;0;100.0;8;8;0;100.0;3;3;0;100.0
81;61.0;63.0;11;11;0;100.0;11;11;0;100.0;8;8;0;100.0;3;3;0;100.0
82;61.0;64.0;11;11;0;100.0;11;11;0;100.0;8;8;0;100.0;3;3;0;100.0
83;61.0;65.0;11;11;0;100.0;11;11;0;100.0;8;8;0;100.0;3;3;0;100.0
84;61.0;66.0;11;11;0;100.0;11;11;0;100.0;8;8;0;100.0;3;3;0;100.0
85;62.0;55.0;11;11;0;100.0;11;11;0;100.0;8;8;0;100.0;3;3;0;100.0
86;62.0;56.0;11;11;0;100.0;11;11;0;100.0;8;8;0;100.0;3;3;0;100.0
87;62.0;57.0;11;11;0;100.0;11;11;0;100.0;8;8;0;100.0;3;3;0;100.0
88;62.0;58.0;11;11;0;100.0;11;11;0;100.0;8;8;0;100.0;3;3;0;100.0
89;62.0;59.0;11;11;0;100.0;11;11;0;100.0;8;8;0;100.0;3;3;0;100.0
90;62.0;60.0;11;11;0;100.0;11;11;0;100.0;8;8;0;100.0;3;3;0;100.0
91;62.0;61.0;11;11;0;100.0;11;11;0;100.0;8;8;0;100.0;3;3;0;100.0
92;62.0;62.0;11;11;0;100.0;11;11;0;100.0;8;8;0;100.0;3;3;0;100.0
93;62.0;63.0;11;11;0;100.0;11;11;0;100.0;8;8;0;100.0;3;3;0;100.0
94;62.0;64.0;11;11;0;100.0;11;11;0;100.0;8;8;0;100.0;3;3;0;100.0
95;62.0;65.0;11;11;0;100.0;11;11;0;100.0;8;8;0;100.0;3;3;0;100.0
96;62.0;66.0;11;11;0;100.0;11;11;0;100.0;8;8;0;100.0;3;3;0;100.0
97;63.0;55.0;11;11;0;100.0;11;11;0;100.0;8;8;0;100.0;3;3;0;100.0
98;63.0;56.0;11;11;0;100.0;11;11;0;100.0;8;8;0;100.0;3;3;0;100.0
99;63.0;57.0;11;11;0;100.0;11;11;0;100.0;8;8;0;100.0;3;3;0;100.0
100;63.0;58.0;11;11;0;100.0;11;11;0;100.0;8;8;0;100.0;3;3;0;100.0
