ConfigurationId;StrongDefenseWeight;RecentFormWeight;RestartWeight;MaxTotalPenalty;StrongAttackBonusWeight;RecentFormBonusWeight;RestartBonusWeight;BaselineAltaOK;BaselineAltaKO;BaselineAltaTotal;BaselineAltaPrecision;SimulatedAltaOK;SimulatedAltaKO;SimulatedAltaTotal;SimulatedAltaPrecision;AltaCoverage;AltaKOAvoided;AltaOKLost;ProtectiveBalance;AltaOKPromoted;AltaKOPromoted;PromotionBalance;ObjectiveScore
51;0.0;1.0;0.0;2.0;0.0;0.0;0.0;48;23;71;67.6056;48;22;70;68.5714;98.5915;1;0;1;0;0;0;1784.3058
52;0.0;1.0;0.0;3.0;0.0;0.0;0.0;48;23;71;67.6056;48;22;70;68.5714;98.5915;1;0;1;0;0;0;1784.3058
53;0.0;1.0;0.0;4.0;0.0;0.0;0.0;48;23;71;67.6056;48;22;70;68.5714;98.5915;1;0;1;0;0;0;1784.3058
54;0.0;1.0;0.0;5.0;0.0;0.0;0.0;48;23;71;67.6056;48;22;70;68.5714;98.5915;1;0;1;0;0;0;1784.3058
55;0.0;1.0;0.0;6.0;0.0;0.0;0.0;48;23;71;67.6056;48;22;70;68.5714;98.5915;1;0;1;0;0;0;1784.3058
56;0.0;1.0;0.5;2.0;0.0;0.0;0.0;48;23;71;67.6056;48;22;70;68.5714;98.5915;1;0;1;0;0;0;1784.3058
57;0.0;1.0;0.5;3.0;0.0;0.0;0.0;48;23;71;67.6056;48;22;70;68.5714;98.5915;1;0;1;0;0;0;1784.3058
58;0.0;1.0;0.5;4.0;0.0;0.0;0.0;48;23;71;67.6056;48;22;70;68.5714;98.5915;1;0;1;0;0;0;1784.3058
59;0.0;1.0;0.5;5.0;0.0;0.0;0.0;48;23;71;67.6056;48;22;70;68.5714;98.5915;1;0;1;0;0;0;1784.3058
60;0.0;1.0;0.5;6.0;0.0;0.0;0.0;48;23;71;67.6056;48;22;70;68.5714;98.5915;1;0;1;0;0;0;1784.3058
61;0.0;1.0;1.0;2.0;0.0;0.0;0.0;48;23;71;67.6056;48;22;70;68.5714;98.5915;1;0;1;0;0;0;1784.3058
62;0.0;1.0;1.0;3.0;0.0;0.0;0.0;48;23;71;67.6056;48;22;70;68.5714;98.5915;1;0;1;0;0;0;1784.3058
63;0.0;1.0;1.0;4.0;0.0;0.0;0.0;48;23;71;67.6056;48;22;70;68.5714;98.5915;1;0;1;0;0;0;1784.3058
64;0.0;1.0;1.0;5.0;0.0;0.0;0.0;48;23;71;67.6056;48;22;70;68.5714;98.5915;1;0;1;0;0;0;1784.3058
65;0.0;1.0;1.0;6.0;0.0;0.0;0.0;48;23;71;67.6056;48;22;70;68.5714;98.5915;1;0;1;0;0;0;1784.3058
66;0.0;1.0;1.5;2.0;0.0;0.0;0.0;48;23;71;67.6056;48;22;70;68.5714;98.5915;1;0;1;0;0;0;1784.3058
67;0.0;1.0;1.5;3.0;0.0;0.0;0.0;48;23;71;67.6056;48;22;70;68.5714;98.5915;1;0;1;0;0;0;1784.3058
68;0.0;1.0;1.5;4.0;0.0;0.0;0.0;48;23;71;67.6056;48;22;70;68.5714;98.5915;1;0;1;0;0;0;1784.3058
69;0.0;1.0;1.5;5.0;0.0;0.0;0.0;48;23;71;67.6056;48;22;70;68.5714;98.5915;1;0;1;0;0;0;1784.3058
70;0.0;1.0;1.5;6.0;0.0;0.0;0.0;48;23;71;67.6056;48;22;70;68.5714;98.5915;1;0;1;0;0;0;1784.3058
76;0.0;1.5;0.0;2.0;0.0;0.0;0.0;48;23;71;67.6056;48;22;70;68.5714;98.5915;1;0;1;0;0;0;1784.3058
77;0.0;1.5;0.0;3.0;0.0;0.0;0.0;48;23;71;67.6056;48;22;70;68.5714;98.5915;1;0;1;0;0;0;1784.3058
78;0.0;1.5;0.0;4.0;0.0;0.0;0.0;48;23;71;67.6056;48;22;70;68.5714;98.5915;1;0;1;0;0;0;1784.3058
79;0.0;1.5;0.0;5.0;0.0;0.0;0.0;48;23;71;67.6056;48;22;70;68.5714;98.5915;1;0;1;0;0;0;1784.3058
80;0.0;1.5;0.0;6.0;0.0;0.0;0.0;48;23;71;67.6056;48;22;70;68.5714;98.5915;1;0;1;0;0;0;1784.3058
81;0.0;1.5;0.5;2.0;0.0;0.0;0.0;48;23;71;67.6056;48;22;70;68.5714;98.5915;1;0;1;0;0;0;1784.3058
82;0.0;1.5;0.5;3.0;0.0;0.0;0.0;48;23;71;67.6056;48;22;70;68.5714;98.5915;1;0;1;0;0;0;1784.3058
83;0.0;1.5;0.5;4.0;0.0;0.0;0.0;48;23;71;67.6056;48;22;70;68.5714;98.5915;1;0;1;0;0;0;1784.3058
84;0.0;1.5;0.5;5.0;0.0;0.0;0.0;48;23;71;67.6056;48;22;70;68.5714;98.5915;1;0;1;0;0;0;1784.3058
85;0.0;1.5;0.5;6.0;0.0;0.0;0.0;48;23;71;67.6056;48;22;70;68.5714;98.5915;1;0;1;0;0;0;1784.3058
86;0.0;1.5;1.0;2.0;0.0;0.0;0.0;48;23;71;67.6056;48;22;70;68.5714;98.5915;1;0;1;0;0;0;1784.3058
87;0.0;1.5;1.0;3.0;0.0;0.0;0.0;48;23;71;67.6056;48;22;70;68.5714;98.5915;1;0;1;0;0;0;1784.3058
88;0.0;1.5;1.0;4.0;0.0;0.0;0.0;48;23;71;67.6056;48;22;70;68.5714;98.5915;1;0;1;0;0;0;1784.3058
89;0.0;1.5;1.0;5.0;0.0;0.0;0.0;48;23;71;67.6056;48;22;70;68.5714;98.5915;1;0;1;0;0;0;1784.3058
90;0.0;1.5;1.0;6.0;0.0;0.0;0.0;48;23;71;67.6056;48;22;70;68.5714;98.5915;1;0;1;0;0;0;1784.3058
91;0.0;1.5;1.5;2.0;0.0;0.0;0.0;48;23;71;67.6056;48;22;70;68.5714;98.5915;1;0;1;0;0;0;1784.3058
92;0.0;1.5;1.5;3.0;0.0;0.0;0.0;48;23;71;67.6056;48;22;70;68.5714;98.5915;1;0;1;0;0;0;1784.3058
93;0.0;1.5;1.5;4.0;0.0;0.0;0.0;48;23;71;67.6056;48;22;70;68.5714;98.5915;1;0;1;0;0;0;1784.3058
94;0.0;1.5;1.5;5.0;0.0;0.0;0.0;48;23;71;67.6056;48;22;70;68.5714;98.5915;1;0;1;0;0;0;1784.3058
95;0.0;1.5;1.5;6.0;0.0;0.0;0.0;48;23;71;67.6056;48;22;70;68.5714;98.5915;1;0;1;0;0;0;1784.3058
101;0.0;2.0;0.0;2.0;0.0;0.0;0.0;48;23;71;67.6056;48;22;70;68.5714;98.5915;1;0;1;0;0;0;1784.3058
102;0.0;2.0;0.0;3.0;0.0;0.0;0.0;48;23;71;67.6056;48;22;70;68.5714;98.5915;1;0;1;0;0;0;1784.3058
103;0.0;2.0;0.0;4.0;0.0;0.0;0.0;48;23;71;67.6056;48;22;70;68.5714;98.5915;1;0;1;0;0;0;1784.3058
104;0.0;2.0;0.0;5.0;0.0;0.0;0.0;48;23;71;67.6056;48;22;70;68.5714;98.5915;1;0;1;0;0;0;1784.3058
105;0.0;2.0;0.0;6.0;0.0;0.0;0.0;48;23;71;67.6056;48;22;70;68.5714;98.5915;1;0;1;0;0;0;1784.3058
106;0.0;2.0;0.5;2.0;0.0;0.0;0.0;48;23;71;67.6056;48;22;70;68.5714;98.5915;1;0;1;0;0;0;1784.3058
107;0.0;2.0;0.5;3.0;0.0;0.0;0.0;48;23;71;67.6056;48;22;70;68.5714;98.5915;1;0;1;0;0;0;1784.3058
108;0.0;2.0;0.5;4.0;0.0;0.0;0.0;48;23;71;67.6056;48;22;70;68.5714;98.5915;1;0;1;0;0;0;1784.3058
109;0.0;2.0;0.5;5.0;0.0;0.0;0.0;48;23;71;67.6056;48;22;70;68.5714;98.5915;1;0;1;0;0;0;1784.3058
110;0.0;2.0;0.5;6.0;0.0;0.0;0.0;48;23;71;67.6056;48;22;70;68.5714;98.5915;1;0;1;0;0;0;1784.3058
111;0.0;2.0;1.0;2.0;0.0;0.0;0.0;48;23;71;67.6056;48;22;70;68.5714;98.5915;1;0;1;0;0;0;1784.3058
112;0.0;2.0;1.0;3.0;0.0;0.0;0.0;48;23;71;67.6056;48;22;70;68.5714;98.5915;1;0;1;0;0;0;1784.3058
113;0.0;2.0;1.0;4.0;0.0;0.0;0.0;48;23;71;67.6056;48;22;70;68.5714;98.5915;1;0;1;0;0;0;1784.3058
114;0.0;2.0;1.0;5.0;0.0;0.0;0.0;48;23;71;67.6056;48;22;70;68.5714;98.5915;1;0;1;0;0;0;1784.3058
115;0.0;2.0;1.0;6.0;0.0;0.0;0.0;48;23;71;67.6056;48;22;70;68.5714;98.5915;1;0;1;0;0;0;1784.3058
116;0.0;2.0;1.5;2.0;0.0;0.0;0.0;48;23;71;67.6056;48;22;70;68.5714;98.5915;1;0;1;0;0;0;1784.3058
117;0.0;2.0;1.5;3.0;0.0;0.0;0.0;48;23;71;67.6056;48;22;70;68.5714;98.5915;1;0;1;0;0;0;1784.3058
118;0.0;2.0;1.5;4.0;0.0;0.0;0.0;48;23;71;67.6056;48;22;70;68.5714;98.5915;1;0;1;0;0;0;1784.3058
119;0.0;2.0;1.5;5.0;0.0;0.0;0.0;48;23;71;67.6056;48;22;70;68.5714;98.5915;1;0;1;0;0;0;1784.3058
120;0.0;2.0;1.5;6.0;0.0;0.0;0.0;48;23;71;67.6056;48;22;70;68.5714;98.5915;1;0;1;0;0;0;1784.3058
176;0.5;1.0;0.0;2.0;0.0;0.0;0.0;48;23;71;67.6056;48;22;70;68.5714;98.5915;1;0;1;0;0;0;1784.3058
177;0.5;1.0;0.0;3.0;0.0;0.0;0.0;48;23;71;67.6056;48;22;70;68.5714;98.5915;1;0;1;0;0;0;1784.3058
178;0.5;1.0;0.0;4.0;0.0;0.0;0.0;48;23;71;67.6056;48;22;70;68.5714;98.5915;1;0;1;0;0;0;1784.3058
179;0.5;1.0;0.0;5.0;0.0;0.0;0.0;48;23;71;67.6056;48;22;70;68.5714;98.5915;1;0;1;0;0;0;1784.3058
180;0.5;1.0;0.0;6.0;0.0;0.0;0.0;48;23;71;67.6056;48;22;70;68.5714;98.5915;1;0;1;0;0;0;1784.3058
181;0.5;1.0;0.5;2.0;0.0;0.0;0.0;48;23;71;67.6056;48;22;70;68.5714;98.5915;1;0;1;0;0;0;1784.3058
182;0.5;1.0;0.5;3.0;0.0;0.0;0.0;48;23;71;67.6056;48;22;70;68.5714;98.5915;1;0;1;0;0;0;1784.3058
183;0.5;1.0;0.5;4.0;0.0;0.0;0.0;48;23;71;67.6056;48;22;70;68.5714;98.5915;1;0;1;0;0;0;1784.3058
184;0.5;1.0;0.5;5.0;0.0;0.0;0.0;48;23;71;67.6056;48;22;70;68.5714;98.5915;1;0;1;0;0;0;1784.3058
185;0.5;1.0;0.5;6.0;0.0;0.0;0.0;48;23;71;67.6056;48;22;70;68.5714;98.5915;1;0;1;0;0;0;1784.3058
186;0.5;1.0;1.0;2.0;0.0;0.0;0.0;48;23;71;67.6056;48;22;70;68.5714;98.5915;1;0;1;0;0;0;1784.3058
187;0.5;1.0;1.0;3.0;0.0;0.0;0.0;48;23;71;67.6056;48;22;70;68.5714;98.5915;1;0;1;0;0;0;1784.3058
188;0.5;1.0;1.0;4.0;0.0;0.0;0.0;48;23;71;67.6056;48;22;70;68.5714;98.5915;1;0;1;0;0;0;1784.3058
189;0.5;1.0;1.0;5.0;0.0;0.0;0.0;48;23;71;67.6056;48;22;70;68.5714;98.5915;1;0;1;0;0;0;1784.3058
190;0.5;1.0;1.0;6.0;0.0;0.0;0.0;48;23;71;67.6056;48;22;70;68.5714;98.5915;1;0;1;0;0;0;1784.3058
191;0.5;1.0;1.5;2.0;0.0;0.0;0.0;48;23;71;67.6056;48;22;70;68.5714;98.5915;1;0;1;0;0;0;1784.3058
192;0.5;1.0;1.5;3.0;0.0;0.0;0.0;48;23;71;67.6056;48;22;70;68.5714;98.5915;1;0;1;0;0;0;1784.3058
193;0.5;1.0;1.5;4.0;0.0;0.0;0.0;48;23;71;67.6056;48;22;70;68.5714;98.5915;1;0;1;0;0;0;1784.3058
194;0.5;1.0;1.5;5.0;0.0;0.0;0.0;48;23;71;67.6056;48;22;70;68.5714;98.5915;1;0;1;0;0;0;1784.3058
195;0.5;1.0;1.5;6.0;0.0;0.0;0.0;48;23;71;67.6056;48;22;70;68.5714;98.5915;1;0;1;0;0;0;1784.3058
201;0.5;1.5;0.0;2.0;0.0;0.0;0.0;48;23;71;67.6056;48;22;70;68.5714;98.5915;1;0;1;0;0;0;1784.3058
202;0.5;1.5;0.0;3.0;0.0;0.0;0.0;48;23;71;67.6056;48;22;70;68.5714;98.5915;1;0;1;0;0;0;1784.3058
203;0.5;1.5;0.0;4.0;0.0;0.0;0.0;48;23;71;67.6056;48;22;70;68.5714;98.5915;1;0;1;0;0;0;1784.3058
204;0.5;1.5;0.0;5.0;0.0;0.0;0.0;48;23;71;67.6056;48;22;70;68.5714;98.5915;1;0;1;0;0;0;1784.3058
205;0.5;1.5;0.0;6.0;0.0;0.0;0.0;48;23;71;67.6056;48;22;70;68.5714;98.5915;1;0;1;0;0;0;1784.3058
206;0.5;1.5;0.5;2.0;0.0;0.0;0.0;48;23;71;67.6056;48;22;70;68.5714;98.5915;1;0;1;0;0;0;1784.3058
207;0.5;1.5;0.5;3.0;0.0;0.0;0.0;48;23;71;67.6056;48;22;70;68.5714;98.5915;1;0;1;0;0;0;1784.3058
208;0.5;1.5;0.5;4.0;0.0;0.0;0.0;48;23;71;67.6056;48;22;70;68.5714;98.5915;1;0;1;0;0;0;1784.3058
209;0.5;1.5;0.5;5.0;0.0;0.0;0.0;48;23;71;67.6056;48;22;70;68.5714;98.5915;1;0;1;0;0;0;1784.3058
210;0.5;1.5;0.5;6.0;0.0;0.0;0.0;48;23;71;67.6056;48;22;70;68.5714;98.5915;1;0;1;0;0;0;1784.3058
211;0.5;1.5;1.0;2.0;0.0;0.0;0.0;48;23;71;67.6056;48;22;70;68.5714;98.5915;1;0;1;0;0;0;1784.3058
212;0.5;1.5;1.0;3.0;0.0;0.0;0.0;48;23;71;67.6056;48;22;70;68.5714;98.5915;1;0;1;0;0;0;1784.3058
213;0.5;1.5;1.0;4.0;0.0;0.0;0.0;48;23;71;67.6056;48;22;70;68.5714;98.5915;1;0;1;0;0;0;1784.3058
214;0.5;1.5;1.0;5.0;0.0;0.0;0.0;48;23;71;67.6056;48;22;70;68.5714;98.5915;1;0;1;0;0;0;1784.3058
215;0.5;1.5;1.0;6.0;0.0;0.0;0.0;48;23;71;67.6056;48;22;70;68.5714;98.5915;1;0;1;0;0;0;1784.3058
216;0.5;1.5;1.5;2.0;0.0;0.0;0.0;48;23;71;67.6056;48;22;70;68.5714;98.5915;1;0;1;0;0;0;1784.3058
217;0.5;1.5;1.5;3.0;0.0;0.0;0.0;48;23;71;67.6056;48;22;70;68.5714;98.5915;1;0;1;0;0;0;1784.3058
218;0.5;1.5;1.5;4.0;0.0;0.0;0.0;48;23;71;67.6056;48;22;70;68.5714;98.5915;1;0;1;0;0;0;1784.3058
219;0.5;1.5;1.5;5.0;0.0;0.0;0.0;48;23;71;67.6056;48;22;70;68.5714;98.5915;1;0;1;0;0;0;1784.3058
220;0.5;1.5;1.5;6.0;0.0;0.0;0.0;48;23;71;67.6056;48;22;70;68.5714;98.5915;1;0;1;0;0;0;1784.3058
226;0.5;2.0;0.0;2.0;0.0;0.0;0.0;48;23;71;67.6056;48;22;70;68.5714;98.5915;1;0;1;0;0;0;1784.3058
227;0.5;2.0;0.0;3.0;0.0;0.0;0.0;48;23;71;67.6056;48;22;70;68.5714;98.5915;1;0;1;0;0;0;1784.3058
228;0.5;2.0;0.0;4.0;0.0;0.0;0.0;48;23;71;67.6056;48;22;70;68.5714;98.5915;1;0;1;0;0;0;1784.3058
229;0.5;2.0;0.0;5.0;0.0;0.0;0.0;48;23;71;67.6056;48;22;70;68.5714;98.5915;1;0;1;0;0;0;1784.3058
230;0.5;2.0;0.0;6.0;0.0;0.0;0.0;48;23;71;67.6056;48;22;70;68.5714;98.5915;1;0;1;0;0;0;1784.3058
231;0.5;2.0;0.5;2.0;0.0;0.0;0.0;48;23;71;67.6056;48;22;70;68.5714;98.5915;1;0;1;0;0;0;1784.3058
232;0.5;2.0;0.5;3.0;0.0;0.0;0.0;48;23;71;67.6056;48;22;70;68.5714;98.5915;1;0;1;0;0;0;1784.3058
233;0.5;2.0;0.5;4.0;0.0;0.0;0.0;48;23;71;67.6056;48;22;70;68.5714;98.5915;1;0;1;0;0;0;1784.3058
234;0.5;2.0;0.5;5.0;0.0;0.0;0.0;48;23;71;67.6056;48;22;70;68.5714;98.5915;1;0;1;0;0;0;1784.3058
235;0.5;2.0;0.5;6.0;0.0;0.0;0.0;48;23;71;67.6056;48;22;70;68.5714;98.5915;1;0;1;0;0;0;1784.3058
236;0.5;2.0;1.0;2.0;0.0;0.0;0.0;48;23;71;67.6056;48;22;70;68.5714;98.5915;1;0;1;0;0;0;1784.3058
237;0.5;2.0;1.0;3.0;0.0;0.0;0.0;48;23;71;67.6056;48;22;70;68.5714;98.5915;1;0;1;0;0;0;1784.3058
238;0.5;2.0;1.0;4.0;0.0;0.0;0.0;48;23;71;67.6056;48;22;70;68.5714;98.5915;1;0;1;0;0;0;1784.3058
239;0.5;2.0;1.0;5.0;0.0;0.0;0.0;48;23;71;67.6056;48;22;70;68.5714;98.5915;1;0;1;0;0;0;1784.3058
240;0.5;2.0;1.0;6.0;0.0;0.0;0.0;48;23;71;67.6056;48;22;70;68.5714;98.5915;1;0;1;0;0;0;1784.3058
241;0.5;2.0;1.5;2.0;0.0;0.0;0.0;48;23;71;67.6056;48;22;70;68.5714;98.5915;1;0;1;0;0;0;1784.3058
242;0.5;2.0;1.5;3.0;0.0;0.0;0.0;48;23;71;67.6056;48;22;70;68.5714;98.5915;1;0;1;0;0;0;1784.3058
243;0.5;2.0;1.5;4.0;0.0;0.0;0.0;48;23;71;67.6056;48;22;70;68.5714;98.5915;1;0;1;0;0;0;1784.3058
244;0.5;2.0;1.5;5.0;0.0;0.0;0.0;48;23;71;67.6056;48;22;70;68.5714;98.5915;1;0;1;0;0;0;1784.3058
245;0.5;2.0;1.5;6.0;0.0;0.0;0.0;48;23;71;67.6056;48;22;70;68.5714;98.5915;1;0;1;0;0;0;1784.3058
301;1.0;1.0;0.0;2.0;0.0;0.0;0.0;48;23;71;67.6056;48;22;70;68.5714;98.5915;1;0;1;0;0;0;1784.3058
302;1.0;1.0;0.0;3.0;0.0;0.0;0.0;48;23;71;67.6056;48;22;70;68.5714;98.5915;1;0;1;0;0;0;1784.3058
303;1.0;1.0;0.0;4.0;0.0;0.0;0.0;48;23;71;67.6056;48;22;70;68.5714;98.5915;1;0;1;0;0;0;1784.3058
304;1.0;1.0;0.0;5.0;0.0;0.0;0.0;48;23;71;67.6056;48;22;70;68.5714;98.5915;1;0;1;0;0;0;1784.3058
305;1.0;1.0;0.0;6.0;0.0;0.0;0.0;48;23;71;67.6056;48;22;70;68.5714;98.5915;1;0;1;0;0;0;1784.3058
306;1.0;1.0;0.5;2.0;0.0;0.0;0.0;48;23;71;67.6056;48;22;70;68.5714;98.5915;1;0;1;0;0;0;1784.3058
307;1.0;1.0;0.5;3.0;0.0;0.0;0.0;48;23;71;67.6056;48;22;70;68.5714;98.5915;1;0;1;0;0;0;1784.3058
308;1.0;1.0;0.5;4.0;0.0;0.0;0.0;48;23;71;67.6056;48;22;70;68.5714;98.5915;1;0;1;0;0;0;1784.3058
309;1.0;1.0;0.5;5.0;0.0;0.0;0.0;48;23;71;67.6056;48;22;70;68.5714;98.5915;1;0;1;0;0;0;1784.3058
310;1.0;1.0;0.5;6.0;0.0;0.0;0.0;48;23;71;67.6056;48;22;70;68.5714;98.5915;1;0;1;0;0;0;1784.3058
311;1.0;1.0;1.0;2.0;0.0;0.0;0.0;48;23;71;67.6056;48;22;70;68.5714;98.5915;1;0;1;0;0;0;1784.3058
312;1.0;1.0;1.0;3.0;0.0;0.0;0.0;48;23;71;67.6056;48;22;70;68.5714;98.5915;1;0;1;0;0;0;1784.3058
313;1.0;1.0;1.0;4.0;0.0;0.0;0.0;48;23;71;67.6056;48;22;70;68.5714;98.5915;1;0;1;0;0;0;1784.3058
314;1.0;1.0;1.0;5.0;0.0;0.0;0.0;48;23;71;67.6056;48;22;70;68.5714;98.5915;1;0;1;0;0;0;1784.3058
315;1.0;1.0;1.0;6.0;0.0;0.0;0.0;48;23;71;67.6056;48;22;70;68.5714;98.5915;1;0;1;0;0;0;1784.3058
316;1.0;1.0;1.5;2.0;0.0;0.0;0.0;48;23;71;67.6056;48;22;70;68.5714;98.5915;1;0;1;0;0;0;1784.3058
317;1.0;1.0;1.5;3.0;0.0;0.0;0.0;48;23;71;67.6056;48;22;70;68.5714;98.5915;1;0;1;0;0;0;1784.3058
318;1.0;1.0;1.5;4.0;0.0;0.0;0.0;48;23;71;67.6056;48;22;70;68.5714;98.5915;1;0;1;0;0;0;1784.3058
319;1.0;1.0;1.5;5.0;0.0;0.0;0.0;48;23;71;67.6056;48;22;70;68.5714;98.5915;1;0;1;0;0;0;1784.3058
320;1.0;1.0;1.5;6.0;0.0;0.0;0.0;48;23;71;67.6056;48;22;70;68.5714;98.5915;1;0;1;0;0;0;1784.3058
326;1.0;1.5;0.0;2.0;0.0;0.0;0.0;48;23;71;67.6056;48;22;70;68.5714;98.5915;1;0;1;0;0;0;1784.3058
327;1.0;1.5;0.0;3.0;0.0;0.0;0.0;48;23;71;67.6056;48;22;70;68.5714;98.5915;1;0;1;0;0;0;1784.3058
328;1.0;1.5;0.0;4.0;0.0;0.0;0.0;48;23;71;67.6056;48;22;70;68.5714;98.5915;1;0;1;0;0;0;1784.3058
329;1.0;1.5;0.0;5.0;0.0;0.0;0.0;48;23;71;67.6056;48;22;70;68.5714;98.5915;1;0;1;0;0;0;1784.3058
330;1.0;1.5;0.0;6.0;0.0;0.0;0.0;48;23;71;67.6056;48;22;70;68.5714;98.5915;1;0;1;0;0;0;1784.3058
331;1.0;1.5;0.5;2.0;0.0;0.0;0.0;48;23;71;67.6056;48;22;70;68.5714;98.5915;1;0;1;0;0;0;1784.3058
332;1.0;1.5;0.5;3.0;0.0;0.0;0.0;48;23;71;67.6056;48;22;70;68.5714;98.5915;1;0;1;0;0;0;1784.3058
333;1.0;1.5;0.5;4.0;0.0;0.0;0.0;48;23;71;67.6056;48;22;70;68.5714;98.5915;1;0;1;0;0;0;1784.3058
334;1.0;1.5;0.5;5.0;0.0;0.0;0.0;48;23;71;67.6056;48;22;70;68.5714;98.5915;1;0;1;0;0;0;1784.3058
335;1.0;1.5;0.5;6.0;0.0;0.0;0.0;48;23;71;67.6056;48;22;70;68.5714;98.5915;1;0;1;0;0;0;1784.3058
336;1.0;1.5;1.0;2.0;0.0;0.0;0.0;48;23;71;67.6056;48;22;70;68.5714;98.5915;1;0;1;0;0;0;1784.3058
337;1.0;1.5;1.0;3.0;0.0;0.0;0.0;48;23;71;67.6056;48;22;70;68.5714;98.5915;1;0;1;0;0;0;1784.3058
338;1.0;1.5;1.0;4.0;0.0;0.0;0.0;48;23;71;67.6056;48;22;70;68.5714;98.5915;1;0;1;0;0;0;1784.3058
339;1.0;1.5;1.0;5.0;0.0;0.0;0.0;48;23;71;67.6056;48;22;70;68.5714;98.5915;1;0;1;0;0;0;1784.3058
340;1.0;1.5;1.0;6.0;0.0;0.0;0.0;48;23;71;67.6056;48;22;70;68.5714;98.5915;1;0;1;0;0;0;1784.3058
341;1.0;1.5;1.5;2.0;0.0;0.0;0.0;48;23;71;67.6056;48;22;70;68.5714;98.5915;1;0;1;0;0;0;1784.3058
342;1.0;1.5;1.5;3.0;0.0;0.0;0.0;48;23;71;67.6056;48;22;70;68.5714;98.5915;1;0;1;0;0;0;1784.3058
343;1.0;1.5;1.5;4.0;0.0;0.0;0.0;48;23;71;67.6056;48;22;70;68.5714;98.5915;1;0;1;0;0;0;1784.3058
344;1.0;1.5;1.5;5.0;0.0;0.0;0.0;48;23;71;67.6056;48;22;70;68.5714;98.5915;1;0;1;0;0;0;1784.3058
345;1.0;1.5;1.5;6.0;0.0;0.0;0.0;48;23;71;67.6056;48;22;70;68.5714;98.5915;1;0;1;0;0;0;1784.3058
351;1.0;2.0;0.0;2.0;0.0;0.0;0.0;48;23;71;67.6056;48;22;70;68.5714;98.5915;1;0;1;0;0;0;1784.3058
352;1.0;2.0;0.0;3.0;0.0;0.0;0.0;48;23;71;67.6056;48;22;70;68.5714;98.5915;1;0;1;0;0;0;1784.3058
353;1.0;2.0;0.0;4.0;0.0;0.0;0.0;48;23;71;67.6056;48;22;70;68.5714;98.5915;1;0;1;0;0;0;1784.3058
354;1.0;2.0;0.0;5.0;0.0;0.0;0.0;48;23;71;67.6056;48;22;70;68.5714;98.5915;1;0;1;0;0;0;1784.3058
355;1.0;2.0;0.0;6.0;0.0;0.0;0.0;48;23;71;67.6056;48;22;70;68.5714;98.5915;1;0;1;0;0;0;1784.3058
356;1.0;2.0;0.5;2.0;0.0;0.0;0.0;48;23;71;67.6056;48;22;70;68.5714;98.5915;1;0;1;0;0;0;1784.3058
357;1.0;2.0;0.5;3.0;0.0;0.0;0.0;48;23;71;67.6056;48;22;70;68.5714;98.5915;1;0;1;0;0;0;1784.3058
358;1.0;2.0;0.5;4.0;0.0;0.0;0.0;48;23;71;67.6056;48;22;70;68.5714;98.5915;1;0;1;0;0;0;1784.3058
359;1.0;2.0;0.5;5.0;0.0;0.0;0.0;48;23;71;67.6056;48;22;70;68.5714;98.5915;1;0;1;0;0;0;1784.3058
360;1.0;2.0;0.5;6.0;0.0;0.0;0.0;48;23;71;67.6056;48;22;70;68.5714;98.5915;1;0;1;0;0;0;1784.3058
361;1.0;2.0;1.0;2.0;0.0;0.0;0.0;48;23;71;67.6056;48;22;70;68.5714;98.5915;1;0;1;0;0;0;1784.3058
362;1.0;2.0;1.0;3.0;0.0;0.0;0.0;48;23;71;67.6056;48;22;70;68.5714;98.5915;1;0;1;0;0;0;1784.3058
363;1.0;2.0;1.0;4.0;0.0;0.0;0.0;48;23;71;67.6056;48;22;70;68.5714;98.5915;1;0;1;0;0;0;1784.3058
364;1.0;2.0;1.0;5.0;0.0;0.0;0.0;48;23;71;67.6056;48;22;70;68.5714;98.5915;1;0;1;0;0;0;1784.3058
365;1.0;2.0;1.0;6.0;0.0;0.0;0.0;48;23;71;67.6056;48;22;70;68.5714;98.5915;1;0;1;0;0;0;1784.3058
366;1.0;2.0;1.5;2.0;0.0;0.0;0.0;48;23;71;67.6056;48;22;70;68.5714;98.5915;1;0;1;0;0;0;1784.3058
367;1.0;2.0;1.5;3.0;0.0;0.0;0.0;48;23;71;67.6056;48;22;70;68.5714;98.5915;1;0;1;0;0;0;1784.3058
368;1.0;2.0;1.5;4.0;0.0;0.0;0.0;48;23;71;67.6056;48;22;70;68.5714;98.5915;1;0;1;0;0;0;1784.3058
369;1.0;2.0;1.5;5.0;0.0;0.0;0.0;48;23;71;67.6056;48;22;70;68.5714;98.5915;1;0;1;0;0;0;1784.3058
370;1.0;2.0;1.5;6.0;0.0;0.0;0.0;48;23;71;67.6056;48;22;70;68.5714;98.5915;1;0;1;0;0;0;1784.3058
426;1.5;1.0;0.0;2.0;0.0;0.0;0.0;48;23;71;67.6056;48;22;70;68.5714;98.5915;1;0;1;0;0;0;1784.3058
427;1.5;1.0;0.0;3.0;0.0;0.0;0.0;48;23;71;67.6056;48;22;70;68.5714;98.5915;1;0;1;0;0;0;1784.3058
428;1.5;1.0;0.0;4.0;0.0;0.0;0.0;48;23;71;67.6056;48;22;70;68.5714;98.5915;1;0;1;0;0;0;1784.3058
429;1.5;1.0;0.0;5.0;0.0;0.0;0.0;48;23;71;67.6056;48;22;70;68.5714;98.5915;1;0;1;0;0;0;1784.3058
430;1.5;1.0;0.0;6.0;0.0;0.0;0.0;48;23;71;67.6056;48;22;70;68.5714;98.5915;1;0;1;0;0;0;1784.3058
431;1.5;1.0;0.5;2.0;0.0;0.0;0.0;48;23;71;67.6056;48;22;70;68.5714;98.5915;1;0;1;0;0;0;1784.3058
432;1.5;1.0;0.5;3.0;0.0;0.0;0.0;48;23;71;67.6056;48;22;70;68.5714;98.5915;1;0;1;0;0;0;1784.3058
433;1.5;1.0;0.5;4.0;0.0;0.0;0.0;48;23;71;67.6056;48;22;70;68.5714;98.5915;1;0;1;0;0;0;1784.3058
434;1.5;1.0;0.5;5.0;0.0;0.0;0.0;48;23;71;67.6056;48;22;70;68.5714;98.5915;1;0;1;0;0;0;1784.3058
435;1.5;1.0;0.5;6.0;0.0;0.0;0.0;48;23;71;67.6056;48;22;70;68.5714;98.5915;1;0;1;0;0;0;1784.3058
436;1.5;1.0;1.0;2.0;0.0;0.0;0.0;48;23;71;67.6056;48;22;70;68.5714;98.5915;1;0;1;0;0;0;1784.3058
437;1.5;1.0;1.0;3.0;0.0;0.0;0.0;48;23;71;67.6056;48;22;70;68.5714;98.5915;1;0;1;0;0;0;1784.3058
438;1.5;1.0;1.0;4.0;0.0;0.0;0.0;48;23;71;67.6056;48;22;70;68.5714;98.5915;1;0;1;0;0;0;1784.3058
439;1.5;1.0;1.0;5.0;0.0;0.0;0.0;48;23;71;67.6056;48;22;70;68.5714;98.5915;1;0;1;0;0;0;1784.3058
440;1.5;1.0;1.0;6.0;0.0;0.0;0.0;48;23;71;67.6056;48;22;70;68.5714;98.5915;1;0;1;0;0;0;1784.3058
441;1.5;1.0;1.5;2.0;0.0;0.0;0.0;48;23;71;67.6056;48;22;70;68.5714;98.5915;1;0;1;0;0;0;1784.3058
442;1.5;1.0;1.5;3.0;0.0;0.0;0.0;48;23;71;67.6056;48;22;70;68.5714;98.5915;1;0;1;0;0;0;1784.3058
443;1.5;1.0;1.5;4.0;0.0;0.0;0.0;48;23;71;67.6056;48;22;70;68.5714;98.5915;1;0;1;0;0;0;1784.3058
444;1.5;1.0;1.5;5.0;0.0;0.0;0.0;48;23;71;67.6056;48;22;70;68.5714;98.5915;1;0;1;0;0;0;1784.3058
445;1.5;1.0;1.5;6.0;0.0;0.0;0.0;48;23;71;67.6056;48;22;70;68.5714;98.5915;1;0;1;0;0;0;1784.3058
451;1.5;1.5;0.0;2.0;0.0;0.0;0.0;48;23;71;67.6056;48;22;70;68.5714;98.5915;1;0;1;0;0;0;1784.3058
452;1.5;1.5;0.0;3.0;0.0;0.0;0.0;48;23;71;67.6056;48;22;70;68.5714;98.5915;1;0;1;0;0;0;1784.3058
453;1.5;1.5;0.0;4.0;0.0;0.0;0.0;48;23;71;67.6056;48;22;70;68.5714;98.5915;1;0;1;0;0;0;1784.3058
454;1.5;1.5;0.0;5.0;0.0;0.0;0.0;48;23;71;67.6056;48;22;70;68.5714;98.5915;1;0;1;0;0;0;1784.3058
455;1.5;1.5;0.0;6.0;0.0;0.0;0.0;48;23;71;67.6056;48;22;70;68.5714;98.5915;1;0;1;0;0;0;1784.3058
456;1.5;1.5;0.5;2.0;0.0;0.0;0.0;48;23;71;67.6056;48;22;70;68.5714;98.5915;1;0;1;0;0;0;1784.3058
457;1.5;1.5;0.5;3.0;0.0;0.0;0.0;48;23;71;67.6056;48;22;70;68.5714;98.5915;1;0;1;0;0;0;1784.3058
458;1.5;1.5;0.5;4.0;0.0;0.0;0.0;48;23;71;67.6056;48;22;70;68.5714;98.5915;1;0;1;0;0;0;1784.3058
459;1.5;1.5;0.5;5.0;0.0;0.0;0.0;48;23;71;67.6056;48;22;70;68.5714;98.5915;1;0;1;0;0;0;1784.3058
460;1.5;1.5;0.5;6.0;0.0;0.0;0.0;48;23;71;67.6056;48;22;70;68.5714;98.5915;1;0;1;0;0;0;1784.3058
461;1.5;1.5;1.0;2.0;0.0;0.0;0.0;48;23;71;67.6056;48;22;70;68.5714;98.5915;1;0;1;0;0;0;1784.3058
462;1.5;1.5;1.0;3.0;0.0;0.0;0.0;48;23;71;67.6056;48;22;70;68.5714;98.5915;1;0;1;0;0;0;1784.3058
463;1.5;1.5;1.0;4.0;0.0;0.0;0.0;48;23;71;67.6056;48;22;70;68.5714;98.5915;1;0;1;0;0;0;1784.3058
464;1.5;1.5;1.0;5.0;0.0;0.0;0.0;48;23;71;67.6056;48;22;70;68.5714;98.5915;1;0;1;0;0;0;1784.3058
465;1.5;1.5;1.0;6.0;0.0;0.0;0.0;48;23;71;67.6056;48;22;70;68.5714;98.5915;1;0;1;0;0;0;1784.3058
466;1.5;1.5;1.5;2.0;0.0;0.0;0.0;48;23;71;67.6056;48;22;70;68.5714;98.5915;1;0;1;0;0;0;1784.3058
467;1.5;1.5;1.5;3.0;0.0;0.0;0.0;48;23;71;67.6056;48;22;70;68.5714;98.5915;1;0;1;0;0;0;1784.3058
468;1.5;1.5;1.5;4.0;0.0;0.0;0.0;48;23;71;67.6056;48;22;70;68.5714;98.5915;1;0;1;0;0;0;1784.3058
469;1.5;1.5;1.5;5.0;0.0;0.0;0.0;48;23;71;67.6056;48;22;70;68.5714;98.5915;1;0;1;0;0;0;1784.3058
470;1.5;1.5;1.5;6.0;0.0;0.0;0.0;48;23;71;67.6056;48;22;70;68.5714;98.5915;1;0;1;0;0;0;1784.3058
476;1.5;2.0;0.0;2.0;0.0;0.0;0.0;48;23;71;67.6056;48;22;70;68.5714;98.5915;1;0;1;0;0;0;1784.3058
477;1.5;2.0;0.0;3.0;0.0;0.0;0.0;48;23;71;67.6056;48;22;70;68.5714;98.5915;1;0;1;0;0;0;1784.3058
478;1.5;2.0;0.0;4.0;0.0;0.0;0.0;48;23;71;67.6056;48;22;70;68.5714;98.5915;1;0;1;0;0;0;1784.3058
479;1.5;2.0;0.0;5.0;0.0;0.0;0.0;48;23;71;67.6056;48;22;70;68.5714;98.5915;1;0;1;0;0;0;1784.3058
480;1.5;2.0;0.0;6.0;0.0;0.0;0.0;48;23;71;67.6056;48;22;70;68.5714;98.5915;1;0;1;0;0;0;1784.3058
481;1.5;2.0;0.5;2.0;0.0;0.0;0.0;48;23;71;67.6056;48;22;70;68.5714;98.5915;1;0;1;0;0;0;1784.3058
482;1.5;2.0;0.5;3.0;0.0;0.0;0.0;48;23;71;67.6056;48;22;70;68.5714;98.5915;1;0;1;0;0;0;1784.3058
483;1.5;2.0;0.5;4.0;0.0;0.0;0.0;48;23;71;67.6056;48;22;70;68.5714;98.5915;1;0;1;0;0;0;1784.3058
484;1.5;2.0;0.5;5.0;0.0;0.0;0.0;48;23;71;67.6056;48;22;70;68.5714;98.5915;1;0;1;0;0;0;1784.3058
485;1.5;2.0;0.5;6.0;0.0;0.0;0.0;48;23;71;67.6056;48;22;70;68.5714;98.5915;1;0;1;0;0;0;1784.3058
486;1.5;2.0;1.0;2.0;0.0;0.0;0.0;48;23;71;67.6056;48;22;70;68.5714;98.5915;1;0;1;0;0;0;1784.3058
487;1.5;2.0;1.0;3.0;0.0;0.0;0.0;48;23;71;67.6056;48;22;70;68.5714;98.5915;1;0;1;0;0;0;1784.3058
488;1.5;2.0;1.0;4.0;0.0;0.0;0.0;48;23;71;67.6056;48;22;70;68.5714;98.5915;1;0;1;0;0;0;1784.3058
489;1.5;2.0;1.0;5.0;0.0;0.0;0.0;48;23;71;67.6056;48;22;70;68.5714;98.5915;1;0;1;0;0;0;1784.3058
490;1.5;2.0;1.0;6.0;0.0;0.0;0.0;48;23;71;67.6056;48;22;70;68.5714;98.5915;1;0;1;0;0;0;1784.3058
491;1.5;2.0;1.5;2.0;0.0;0.0;0.0;48;23;71;67.6056;48;22;70;68.5714;98.5915;1;0;1;0;0;0;1784.3058
492;1.5;2.0;1.5;3.0;0.0;0.0;0.0;48;23;71;67.6056;48;22;70;68.5714;98.5915;1;0;1;0;0;0;1784.3058
493;1.5;2.0;1.5;4.0;0.0;0.0;0.0;48;23;71;67.6056;48;22;70;68.5714;98.5915;1;0;1;0;0;0;1784.3058
494;1.5;2.0;1.5;5.0;0.0;0.0;0.0;48;23;71;67.6056;48;22;70;68.5714;98.5915;1;0;1;0;0;0;1784.3058
495;1.5;2.0;1.5;6.0;0.0;0.0;0.0;48;23;71;67.6056;48;22;70;68.5714;98.5915;1;0;1;0;0;0;1784.3058
551;2.0;1.0;0.0;2.0;0.0;0.0;0.0;48;23;71;67.6056;48;22;70;68.5714;98.5915;1;0;1;0;0;0;1784.3058
552;2.0;1.0;0.0;3.0;0.0;0.0;0.0;48;23;71;67.6056;48;22;70;68.5714;98.5915;1;0;1;0;0;0;1784.3058
553;2.0;1.0;0.0;4.0;0.0;0.0;0.0;48;23;71;67.6056;48;22;70;68.5714;98.5915;1;0;1;0;0;0;1784.3058
554;2.0;1.0;0.0;5.0;0.0;0.0;0.0;48;23;71;67.6056;48;22;70;68.5714;98.5915;1;0;1;0;0;0;1784.3058
555;2.0;1.0;0.0;6.0;0.0;0.0;0.0;48;23;71;67.6056;48;22;70;68.5714;98.5915;1;0;1;0;0;0;1784.3058
556;2.0;1.0;0.5;2.0;0.0;0.0;0.0;48;23;71;67.6056;48;22;70;68.5714;98.5915;1;0;1;0;0;0;1784.3058
557;2.0;1.0;0.5;3.0;0.0;0.0;0.0;48;23;71;67.6056;48;22;70;68.5714;98.5915;1;0;1;0;0;0;1784.3058
558;2.0;1.0;0.5;4.0;0.0;0.0;0.0;48;23;71;67.6056;48;22;70;68.5714;98.5915;1;0;1;0;0;0;1784.3058
559;2.0;1.0;0.5;5.0;0.0;0.0;0.0;48;23;71;67.6056;48;22;70;68.5714;98.5915;1;0;1;0;0;0;1784.3058
560;2.0;1.0;0.5;6.0;0.0;0.0;0.0;48;23;71;67.6056;48;22;70;68.5714;98.5915;1;0;1;0;0;0;1784.3058
561;2.0;1.0;1.0;2.0;0.0;0.0;0.0;48;23;71;67.6056;48;22;70;68.5714;98.5915;1;0;1;0;0;0;1784.3058
562;2.0;1.0;1.0;3.0;0.0;0.0;0.0;48;23;71;67.6056;48;22;70;68.5714;98.5915;1;0;1;0;0;0;1784.3058
563;2.0;1.0;1.0;4.0;0.0;0.0;0.0;48;23;71;67.6056;48;22;70;68.5714;98.5915;1;0;1;0;0;0;1784.3058
564;2.0;1.0;1.0;5.0;0.0;0.0;0.0;48;23;71;67.6056;48;22;70;68.5714;98.5915;1;0;1;0;0;0;1784.3058
565;2.0;1.0;1.0;6.0;0.0;0.0;0.0;48;23;71;67.6056;48;22;70;68.5714;98.5915;1;0;1;0;0;0;1784.3058
566;2.0;1.0;1.5;2.0;0.0;0.0;0.0;48;23;71;67.6056;48;22;70;68.5714;98.5915;1;0;1;0;0;0;1784.3058
567;2.0;1.0;1.5;3.0;0.0;0.0;0.0;48;23;71;67.6056;48;22;70;68.5714;98.5915;1;0;1;0;0;0;1784.3058
568;2.0;1.0;1.5;4.0;0.0;0.0;0.0;48;23;71;67.6056;48;22;70;68.5714;98.5915;1;0;1;0;0;0;1784.3058
569;2.0;1.0;1.5;5.0;0.0;0.0;0.0;48;23;71;67.6056;48;22;70;68.5714;98.5915;1;0;1;0;0;0;1784.3058
570;2.0;1.0;1.5;6.0;0.0;0.0;0.0;48;23;71;67.6056;48;22;70;68.5714;98.5915;1;0;1;0;0;0;1784.3058
576;2.0;1.5;0.0;2.0;0.0;0.0;0.0;48;23;71;67.6056;48;22;70;68.5714;98.5915;1;0;1;0;0;0;1784.3058
577;2.0;1.5;0.0;3.0;0.0;0.0;0.0;48;23;71;67.6056;48;22;70;68.5714;98.5915;1;0;1;0;0;0;1784.3058
578;2.0;1.5;0.0;4.0;0.0;0.0;0.0;48;23;71;67.6056;48;22;70;68.5714;98.5915;1;0;1;0;0;0;1784.3058
579;2.0;1.5;0.0;5.0;0.0;0.0;0.0;48;23;71;67.6056;48;22;70;68.5714;98.5915;1;0;1;0;0;0;1784.3058
580;2.0;1.5;0.0;6.0;0.0;0.0;0.0;48;23;71;67.6056;48;22;70;68.5714;98.5915;1;0;1;0;0;0;1784.3058
581;2.0;1.5;0.5;2.0;0.0;0.0;0.0;48;23;71;67.6056;48;22;70;68.5714;98.5915;1;0;1;0;0;0;1784.3058
582;2.0;1.5;0.5;3.0;0.0;0.0;0.0;48;23;71;67.6056;48;22;70;68.5714;98.5915;1;0;1;0;0;0;1784.3058
583;2.0;1.5;0.5;4.0;0.0;0.0;0.0;48;23;71;67.6056;48;22;70;68.5714;98.5915;1;0;1;0;0;0;1784.3058
584;2.0;1.5;0.5;5.0;0.0;0.0;0.0;48;23;71;67.6056;48;22;70;68.5714;98.5915;1;0;1;0;0;0;1784.3058
585;2.0;1.5;0.5;6.0;0.0;0.0;0.0;48;23;71;67.6056;48;22;70;68.5714;98.5915;1;0;1;0;0;0;1784.3058
586;2.0;1.5;1.0;2.0;0.0;0.0;0.0;48;23;71;67.6056;48;22;70;68.5714;98.5915;1;0;1;0;0;0;1784.3058
587;2.0;1.5;1.0;3.0;0.0;0.0;0.0;48;23;71;67.6056;48;22;70;68.5714;98.5915;1;0;1;0;0;0;1784.3058
588;2.0;1.5;1.0;4.0;0.0;0.0;0.0;48;23;71;67.6056;48;22;70;68.5714;98.5915;1;0;1;0;0;0;1784.3058
589;2.0;1.5;1.0;5.0;0.0;0.0;0.0;48;23;71;67.6056;48;22;70;68.5714;98.5915;1;0;1;0;0;0;1784.3058
590;2.0;1.5;1.0;6.0;0.0;0.0;0.0;48;23;71;67.6056;48;22;70;68.5714;98.5915;1;0;1;0;0;0;1784.3058
591;2.0;1.5;1.5;2.0;0.0;0.0;0.0;48;23;71;67.6056;48;22;70;68.5714;98.5915;1;0;1;0;0;0;1784.3058
592;2.0;1.5;1.5;3.0;0.0;0.0;0.0;48;23;71;67.6056;48;22;70;68.5714;98.5915;1;0;1;0;0;0;1784.3058
593;2.0;1.5;1.5;4.0;0.0;0.0;0.0;48;23;71;67.6056;48;22;70;68.5714;98.5915;1;0;1;0;0;0;1784.3058
594;2.0;1.5;1.5;5.0;0.0;0.0;0.0;48;23;71;67.6056;48;22;70;68.5714;98.5915;1;0;1;0;0;0;1784.3058
595;2.0;1.5;1.5;6.0;0.0;0.0;0.0;48;23;71;67.6056;48;22;70;68.5714;98.5915;1;0;1;0;0;0;1784.3058
601;2.0;2.0;0.0;2.0;0.0;0.0;0.0;48;23;71;67.6056;48;22;70;68.5714;98.5915;1;0;1;0;0;0;1784.3058
602;2.0;2.0;0.0;3.0;0.0;0.0;0.0;48;23;71;67.6056;48;22;70;68.5714;98.5915;1;0;1;0;0;0;1784.3058
603;2.0;2.0;0.0;4.0;0.0;0.0;0.0;48;23;71;67.6056;48;22;70;68.5714;98.5915;1;0;1;0;0;0;1784.3058
604;2.0;2.0;0.0;5.0;0.0;0.0;0.0;48;23;71;67.6056;48;22;70;68.5714;98.5915;1;0;1;0;0;0;1784.3058
605;2.0;2.0;0.0;6.0;0.0;0.0;0.0;48;23;71;67.6056;48;22;70;68.5714;98.5915;1;0;1;0;0;0;1784.3058
606;2.0;2.0;0.5;2.0;0.0;0.0;0.0;48;23;71;67.6056;48;22;70;68.5714;98.5915;1;0;1;0;0;0;1784.3058
607;2.0;2.0;0.5;3.0;0.0;0.0;0.0;48;23;71;67.6056;48;22;70;68.5714;98.5915;1;0;1;0;0;0;1784.3058
608;2.0;2.0;0.5;4.0;0.0;0.0;0.0;48;23;71;67.6056;48;22;70;68.5714;98.5915;1;0;1;0;0;0;1784.3058
609;2.0;2.0;0.5;5.0;0.0;0.0;0.0;48;23;71;67.6056;48;22;70;68.5714;98.5915;1;0;1;0;0;0;1784.3058
610;2.0;2.0;0.5;6.0;0.0;0.0;0.0;48;23;71;67.6056;48;22;70;68.5714;98.5915;1;0;1;0;0;0;1784.3058
611;2.0;2.0;1.0;2.0;0.0;0.0;0.0;48;23;71;67.6056;48;22;70;68.5714;98.5915;1;0;1;0;0;0;1784.3058
612;2.0;2.0;1.0;3.0;0.0;0.0;0.0;48;23;71;67.6056;48;22;70;68.5714;98.5915;1;0;1;0;0;0;1784.3058
613;2.0;2.0;1.0;4.0;0.0;0.0;0.0;48;23;71;67.6056;48;22;70;68.5714;98.5915;1;0;1;0;0;0;1784.3058
614;2.0;2.0;1.0;5.0;0.0;0.0;0.0;48;23;71;67.6056;48;22;70;68.5714;98.5915;1;0;1;0;0;0;1784.3058
615;2.0;2.0;1.0;6.0;0.0;0.0;0.0;48;23;71;67.6056;48;22;70;68.5714;98.5915;1;0;1;0;0;0;1784.3058
616;2.0;2.0;1.5;2.0;0.0;0.0;0.0;48;23;71;67.6056;48;22;70;68.5714;98.5915;1;0;1;0;0;0;1784.3058
617;2.0;2.0;1.5;3.0;0.0;0.0;0.0;48;23;71;67.6056;48;22;70;68.5714;98.5915;1;0;1;0;0;0;1784.3058
618;2.0;2.0;1.5;4.0;0.0;0.0;0.0;48;23;71;67.6056;48;22;70;68.5714;98.5915;1;0;1;0;0;0;1784.3058
619;2.0;2.0;1.5;5.0;0.0;0.0;0.0;48;23;71;67.6056;48;22;70;68.5714;98.5915;1;0;1;0;0;0;1784.3058
620;2.0;2.0;1.5;6.0;0.0;0.0;0.0;48;23;71;67.6056;48;22;70;68.5714;98.5915;1;0;1;0;0;0;1784.3058
71;0.0;1.0;2.0;2.0;0.0;0.0;0.0;48;23;71;67.6056;47;22;69;68.1159;97.1831;1;1;0;0;0;0;778.3425
72;0.0;1.0;2.0;3.0;0.0;0.0;0.0;48;23;71;67.6056;47;22;69;68.1159;97.1831;1;1;0;0;0;0;778.3425
73;0.0;1.0;2.0;4.0;0.0;0.0;0.0;48;23;71;67.6056;47;22;69;68.1159;97.1831;1;1;0;0;0;0;778.3425
74;0.0;1.0;2.0;5.0;0.0;0.0;0.0;48;23;71;67.6056;47;22;69;68.1159;97.1831;1;1;0;0;0;0;778.3425
75;0.0;1.0;2.0;6.0;0.0;0.0;0.0;48;23;71;67.6056;47;22;69;68.1159;97.1831;1;1;0;0;0;0;778.3425
96;0.0;1.5;2.0;2.0;0.0;0.0;0.0;48;23;71;67.6056;47;22;69;68.1159;97.1831;1;1;0;0;0;0;778.3425
97;0.0;1.5;2.0;3.0;0.0;0.0;0.0;48;23;71;67.6056;47;22;69;68.1159;97.1831;1;1;0;0;0;0;778.3425
98;0.0;1.5;2.0;4.0;0.0;0.0;0.0;48;23;71;67.6056;47;22;69;68.1159;97.1831;1;1;0;0;0;0;778.3425
99;0.0;1.5;2.0;5.0;0.0;0.0;0.0;48;23;71;67.6056;47;22;69;68.1159;97.1831;1;1;0;0;0;0;778.3425
100;0.0;1.5;2.0;6.0;0.0;0.0;0.0;48;23;71;67.6056;47;22;69;68.1159;97.1831;1;1;0;0;0;0;778.3425
121;0.0;2.0;2.0;2.0;0.0;0.0;0.0;48;23;71;67.6056;47;22;69;68.1159;97.1831;1;1;0;0;0;0;778.3425
122;0.0;2.0;2.0;3.0;0.0;0.0;0.0;48;23;71;67.6056;47;22;69;68.1159;97.1831;1;1;0;0;0;0;778.3425
123;0.0;2.0;2.0;4.0;0.0;0.0;0.0;48;23;71;67.6056;47;22;69;68.1159;97.1831;1;1;0;0;0;0;778.3425
124;0.0;2.0;2.0;5.0;0.0;0.0;0.0;48;23;71;67.6056;47;22;69;68.1159;97.1831;1;1;0;0;0;0;778.3425
125;0.0;2.0;2.0;6.0;0.0;0.0;0.0;48;23;71;67.6056;47;22;69;68.1159;97.1831;1;1;0;0;0;0;778.3425
196;0.5;1.0;2.0;2.0;0.0;0.0;0.0;48;23;71;67.6056;47;22;69;68.1159;97.1831;1;1;0;0;0;0;778.3425
197;0.5;1.0;2.0;3.0;0.0;0.0;0.0;48;23;71;67.6056;47;22;69;68.1159;97.1831;1;1;0;0;0;0;778.3425
198;0.5;1.0;2.0;4.0;0.0;0.0;0.0;48;23;71;67.6056;47;22;69;68.1159;97.1831;1;1;0;0;0;0;778.3425
199;0.5;1.0;2.0;5.0;0.0;0.0;0.0;48;23;71;67.6056;47;22;69;68.1159;97.1831;1;1;0;0;0;0;778.3425
200;0.5;1.0;2.0;6.0;0.0;0.0;0.0;48;23;71;67.6056;47;22;69;68.1159;97.1831;1;1;0;0;0;0;778.3425
221;0.5;1.5;2.0;2.0;0.0;0.0;0.0;48;23;71;67.6056;47;22;69;68.1159;97.1831;1;1;0;0;0;0;778.3425
222;0.5;1.5;2.0;3.0;0.0;0.0;0.0;48;23;71;67.6056;47;22;69;68.1159;97.1831;1;1;0;0;0;0;778.3425
223;0.5;1.5;2.0;4.0;0.0;0.0;0.0;48;23;71;67.6056;47;22;69;68.1159;97.1831;1;1;0;0;0;0;778.3425
224;0.5;1.5;2.0;5.0;0.0;0.0;0.0;48;23;71;67.6056;47;22;69;68.1159;97.1831;1;1;0;0;0;0;778.3425
225;0.5;1.5;2.0;6.0;0.0;0.0;0.0;48;23;71;67.6056;47;22;69;68.1159;97.1831;1;1;0;0;0;0;778.3425
246;0.5;2.0;2.0;2.0;0.0;0.0;0.0;48;23;71;67.6056;47;22;69;68.1159;97.1831;1;1;0;0;0;0;778.3425
247;0.5;2.0;2.0;3.0;0.0;0.0;0.0;48;23;71;67.6056;47;22;69;68.1159;97.1831;1;1;0;0;0;0;778.3425
248;0.5;2.0;2.0;4.0;0.0;0.0;0.0;48;23;71;67.6056;47;22;69;68.1159;97.1831;1;1;0;0;0;0;778.3425
249;0.5;2.0;2.0;5.0;0.0;0.0;0.0;48;23;71;67.6056;47;22;69;68.1159;97.1831;1;1;0;0;0;0;778.3425
250;0.5;2.0;2.0;6.0;0.0;0.0;0.0;48;23;71;67.6056;47;22;69;68.1159;97.1831;1;1;0;0;0;0;778.3425
321;1.0;1.0;2.0;2.0;0.0;0.0;0.0;48;23;71;67.6056;47;22;69;68.1159;97.1831;1;1;0;0;0;0;778.3425
322;1.0;1.0;2.0;3.0;0.0;0.0;0.0;48;23;71;67.6056;47;22;69;68.1159;97.1831;1;1;0;0;0;0;778.3425
323;1.0;1.0;2.0;4.0;0.0;0.0;0.0;48;23;71;67.6056;47;22;69;68.1159;97.1831;1;1;0;0;0;0;778.3425
324;1.0;1.0;2.0;5.0;0.0;0.0;0.0;48;23;71;67.6056;47;22;69;68.1159;97.1831;1;1;0;0;0;0;778.3425
325;1.0;1.0;2.0;6.0;0.0;0.0;0.0;48;23;71;67.6056;47;22;69;68.1159;97.1831;1;1;0;0;0;0;778.3425
346;1.0;1.5;2.0;2.0;0.0;0.0;0.0;48;23;71;67.6056;47;22;69;68.1159;97.1831;1;1;0;0;0;0;778.3425
347;1.0;1.5;2.0;3.0;0.0;0.0;0.0;48;23;71;67.6056;47;22;69;68.1159;97.1831;1;1;0;0;0;0;778.3425
348;1.0;1.5;2.0;4.0;0.0;0.0;0.0;48;23;71;67.6056;47;22;69;68.1159;97.1831;1;1;0;0;0;0;778.3425
349;1.0;1.5;2.0;5.0;0.0;0.0;0.0;48;23;71;67.6056;47;22;69;68.1159;97.1831;1;1;0;0;0;0;778.3425
350;1.0;1.5;2.0;6.0;0.0;0.0;0.0;48;23;71;67.6056;47;22;69;68.1159;97.1831;1;1;0;0;0;0;778.3425
371;1.0;2.0;2.0;2.0;0.0;0.0;0.0;48;23;71;67.6056;47;22;69;68.1159;97.1831;1;1;0;0;0;0;778.3425
372;1.0;2.0;2.0;3.0;0.0;0.0;0.0;48;23;71;67.6056;47;22;69;68.1159;97.1831;1;1;0;0;0;0;778.3425
373;1.0;2.0;2.0;4.0;0.0;0.0;0.0;48;23;71;67.6056;47;22;69;68.1159;97.1831;1;1;0;0;0;0;778.3425
374;1.0;2.0;2.0;5.0;0.0;0.0;0.0;48;23;71;67.6056;47;22;69;68.1159;97.1831;1;1;0;0;0;0;778.3425
375;1.0;2.0;2.0;6.0;0.0;0.0;0.0;48;23;71;67.6056;47;22;69;68.1159;97.1831;1;1;0;0;0;0;778.3425
446;1.5;1.0;2.0;2.0;0.0;0.0;0.0;48;23;71;67.6056;47;22;69;68.1159;97.1831;1;1;0;0;0;0;778.3425
447;1.5;1.0;2.0;3.0;0.0;0.0;0.0;48;23;71;67.6056;47;22;69;68.1159;97.1831;1;1;0;0;0;0;778.3425
448;1.5;1.0;2.0;4.0;0.0;0.0;0.0;48;23;71;67.6056;47;22;69;68.1159;97.1831;1;1;0;0;0;0;778.3425
449;1.5;1.0;2.0;5.0;0.0;0.0;0.0;48;23;71;67.6056;47;22;69;68.1159;97.1831;1;1;0;0;0;0;778.3425
450;1.5;1.0;2.0;6.0;0.0;0.0;0.0;48;23;71;67.6056;47;22;69;68.1159;97.1831;1;1;0;0;0;0;778.3425
471;1.5;1.5;2.0;2.0;0.0;0.0;0.0;48;23;71;67.6056;47;22;69;68.1159;97.1831;1;1;0;0;0;0;778.3425
472;1.5;1.5;2.0;3.0;0.0;0.0;0.0;48;23;71;67.6056;47;22;69;68.1159;97.1831;1;1;0;0;0;0;778.3425
473;1.5;1.5;2.0;4.0;0.0;0.0;0.0;48;23;71;67.6056;47;22;69;68.1159;97.1831;1;1;0;0;0;0;778.3425
474;1.5;1.5;2.0;5.0;0.0;0.0;0.0;48;23;71;67.6056;47;22;69;68.1159;97.1831;1;1;0;0;0;0;778.3425
475;1.5;1.5;2.0;6.0;0.0;0.0;0.0;48;23;71;67.6056;47;22;69;68.1159;97.1831;1;1;0;0;0;0;778.3425
496;1.5;2.0;2.0;2.0;0.0;0.0;0.0;48;23;71;67.6056;47;22;69;68.1159;97.1831;1;1;0;0;0;0;778.3425
497;1.5;2.0;2.0;3.0;0.0;0.0;0.0;48;23;71;67.6056;47;22;69;68.1159;97.1831;1;1;0;0;0;0;778.3425
498;1.5;2.0;2.0;4.0;0.0;0.0;0.0;48;23;71;67.6056;47;22;69;68.1159;97.1831;1;1;0;0;0;0;778.3425
499;1.5;2.0;2.0;5.0;0.0;0.0;0.0;48;23;71;67.6056;47;22;69;68.1159;97.1831;1;1;0;0;0;0;778.3425
500;1.5;2.0;2.0;6.0;0.0;0.0;0.0;48;23;71;67.6056;47;22;69;68.1159;97.1831;1;1;0;0;0;0;778.3425
571;2.0;1.0;2.0;2.0;0.0;0.0;0.0;48;23;71;67.6056;47;22;69;68.1159;97.1831;1;1;0;0;0;0;778.3425
572;2.0;1.0;2.0;3.0;0.0;0.0;0.0;48;23;71;67.6056;47;22;69;68.1159;97.1831;1;1;0;0;0;0;778.3425
573;2.0;1.0;2.0;4.0;0.0;0.0;0.0;48;23;71;67.6056;47;22;69;68.1159;97.1831;1;1;0;0;0;0;778.3425
574;2.0;1.0;2.0;5.0;0.0;0.0;0.0;48;23;71;67.6056;47;22;69;68.1159;97.1831;1;1;0;0;0;0;778.3425
575;2.0;1.0;2.0;6.0;0.0;0.0;0.0;48;23;71;67.6056;47;22;69;68.1159;97.1831;1;1;0;0;0;0;778.3425
596;2.0;1.5;2.0;2.0;0.0;0.0;0.0;48;23;71;67.6056;47;22;69;68.1159;97.1831;1;1;0;0;0;0;778.3425
597;2.0;1.5;2.0;3.0;0.0;0.0;0.0;48;23;71;67.6056;47;22;69;68.1159;97.1831;1;1;0;0;0;0;778.3425
598;2.0;1.5;2.0;4.0;0.0;0.0;0.0;48;23;71;67.6056;47;22;69;68.1159;97.1831;1;1;0;0;0;0;778.3425
599;2.0;1.5;2.0;5.0;0.0;0.0;0.0;48;23;71;67.6056;47;22;69;68.1159;97.1831;1;1;0;0;0;0;778.3425
600;2.0;1.5;2.0;6.0;0.0;0.0;0.0;48;23;71;67.6056;47;22;69;68.1159;97.1831;1;1;0;0;0;0;778.3425
621;2.0;2.0;2.0;2.0;0.0;0.0;0.0;48;23;71;67.6056;47;22;69;68.1159;97.1831;1;1;0;0;0;0;778.3425
622;2.0;2.0;2.0;3.0;0.0;0.0;0.0;48;23;71;67.6056;47;22;69;68.1159;97.1831;1;1;0;0;0;0;778.3425
623;2.0;2.0;2.0;4.0;0.0;0.0;0.0;48;23;71;67.6056;47;22;69;68.1159;97.1831;1;1;0;0;0;0;778.3425
624;2.0;2.0;2.0;5.0;0.0;0.0;0.0;48;23;71;67.6056;47;22;69;68.1159;97.1831;1;1;0;0;0;0;778.3425
625;2.0;2.0;2.0;6.0;0.0;0.0;0.0;48;23;71;67.6056;47;22;69;68.1159;97.1831;1;1;0;0;0;0;778.3425
1;0.0;0.0;0.0;2.0;0.0;0.0;0.0;48;23;71;67.6056;48;23;71;67.6056;100.0;0;0;0;0;0;0;776.0563
2;0.0;0.0;0.0;3.0;0.0;0.0;0.0;48;23;71;67.6056;48;23;71;67.6056;100.0;0;0;0;0;0;0;776.0563
3;0.0;0.0;0.0;4.0;0.0;0.0;0.0;48;23;71;67.6056;48;23;71;67.6056;100.0;0;0;0;0;0;0;776.0563
4;0.0;0.0;0.0;5.0;0.0;0.0;0.0;48;23;71;67.6056;48;23;71;67.6056;100.0;0;0;0;0;0;0;776.0563
5;0.0;0.0;0.0;6.0;0.0;0.0;0.0;48;23;71;67.6056;48;23;71;67.6056;100.0;0;0;0;0;0;0;776.0563
6;0.0;0.0;0.5;2.0;0.0;0.0;0.0;48;23;71;67.6056;48;23;71;67.6056;100.0;0;0;0;0;0;0;776.0563
7;0.0;0.0;0.5;3.0;0.0;0.0;0.0;48;23;71;67.6056;48;23;71;67.6056;100.0;0;0;0;0;0;0;776.0563
8;0.0;0.0;0.5;4.0;0.0;0.0;0.0;48;23;71;67.6056;48;23;71;67.6056;100.0;0;0;0;0;0;0;776.0563
9;0.0;0.0;0.5;5.0;0.0;0.0;0.0;48;23;71;67.6056;48;23;71;67.6056;100.0;0;0;0;0;0;0;776.0563
10;0.0;0.0;0.5;6.0;0.0;0.0;0.0;48;23;71;67.6056;48;23;71;67.6056;100.0;0;0;0;0;0;0;776.0563
11;0.0;0.0;1.0;2.0;0.0;0.0;0.0;48;23;71;67.6056;48;23;71;67.6056;100.0;0;0;0;0;0;0;776.0563
12;0.0;0.0;1.0;3.0;0.0;0.0;0.0;48;23;71;67.6056;48;23;71;67.6056;100.0;0;0;0;0;0;0;776.0563
13;0.0;0.0;1.0;4.0;0.0;0.0;0.0;48;23;71;67.6056;48;23;71;67.6056;100.0;0;0;0;0;0;0;776.0563
14;0.0;0.0;1.0;5.0;0.0;0.0;0.0;48;23;71;67.6056;48;23;71;67.6056;100.0;0;0;0;0;0;0;776.0563
15;0.0;0.0;1.0;6.0;0.0;0.0;0.0;48;23;71;67.6056;48;23;71;67.6056;100.0;0;0;0;0;0;0;776.0563
16;0.0;0.0;1.5;2.0;0.0;0.0;0.0;48;23;71;67.6056;48;23;71;67.6056;100.0;0;0;0;0;0;0;776.0563
17;0.0;0.0;1.5;3.0;0.0;0.0;0.0;48;23;71;67.6056;48;23;71;67.6056;100.0;0;0;0;0;0;0;776.0563
18;0.0;0.0;1.5;4.0;0.0;0.0;0.0;48;23;71;67.6056;48;23;71;67.6056;100.0;0;0;0;0;0;0;776.0563
19;0.0;0.0;1.5;5.0;0.0;0.0;0.0;48;23;71;67.6056;48;23;71;67.6056;100.0;0;0;0;0;0;0;776.0563
20;0.0;0.0;1.5;6.0;0.0;0.0;0.0;48;23;71;67.6056;48;23;71;67.6056;100.0;0;0;0;0;0;0;776.0563
26;0.0;0.5;0.0;2.0;0.0;0.0;0.0;48;23;71;67.6056;48;23;71;67.6056;100.0;0;0;0;0;0;0;776.0563
27;0.0;0.5;0.0;3.0;0.0;0.0;0.0;48;23;71;67.6056;48;23;71;67.6056;100.0;0;0;0;0;0;0;776.0563
28;0.0;0.5;0.0;4.0;0.0;0.0;0.0;48;23;71;67.6056;48;23;71;67.6056;100.0;0;0;0;0;0;0;776.0563
29;0.0;0.5;0.0;5.0;0.0;0.0;0.0;48;23;71;67.6056;48;23;71;67.6056;100.0;0;0;0;0;0;0;776.0563
30;0.0;0.5;0.0;6.0;0.0;0.0;0.0;48;23;71;67.6056;48;23;71;67.6056;100.0;0;0;0;0;0;0;776.0563
31;0.0;0.5;0.5;2.0;0.0;0.0;0.0;48;23;71;67.6056;48;23;71;67.6056;100.0;0;0;0;0;0;0;776.0563
32;0.0;0.5;0.5;3.0;0.0;0.0;0.0;48;23;71;67.6056;48;23;71;67.6056;100.0;0;0;0;0;0;0;776.0563
33;0.0;0.5;0.5;4.0;0.0;0.0;0.0;48;23;71;67.6056;48;23;71;67.6056;100.0;0;0;0;0;0;0;776.0563
34;0.0;0.5;0.5;5.0;0.0;0.0;0.0;48;23;71;67.6056;48;23;71;67.6056;100.0;0;0;0;0;0;0;776.0563
35;0.0;0.5;0.5;6.0;0.0;0.0;0.0;48;23;71;67.6056;48;23;71;67.6056;100.0;0;0;0;0;0;0;776.0563
36;0.0;0.5;1.0;2.0;0.0;0.0;0.0;48;23;71;67.6056;48;23;71;67.6056;100.0;0;0;0;0;0;0;776.0563
37;0.0;0.5;1.0;3.0;0.0;0.0;0.0;48;23;71;67.6056;48;23;71;67.6056;100.0;0;0;0;0;0;0;776.0563
38;0.0;0.5;1.0;4.0;0.0;0.0;0.0;48;23;71;67.6056;48;23;71;67.6056;100.0;0;0;0;0;0;0;776.0563
39;0.0;0.5;1.0;5.0;0.0;0.0;0.0;48;23;71;67.6056;48;23;71;67.6056;100.0;0;0;0;0;0;0;776.0563
40;0.0;0.5;1.0;6.0;0.0;0.0;0.0;48;23;71;67.6056;48;23;71;67.6056;100.0;0;0;0;0;0;0;776.0563
41;0.0;0.5;1.5;2.0;0.0;0.0;0.0;48;23;71;67.6056;48;23;71;67.6056;100.0;0;0;0;0;0;0;776.0563
42;0.0;0.5;1.5;3.0;0.0;0.0;0.0;48;23;71;67.6056;48;23;71;67.6056;100.0;0;0;0;0;0;0;776.0563
43;0.0;0.5;1.5;4.0;0.0;0.0;0.0;48;23;71;67.6056;48;23;71;67.6056;100.0;0;0;0;0;0;0;776.0563
44;0.0;0.5;1.5;5.0;0.0;0.0;0.0;48;23;71;67.6056;48;23;71;67.6056;100.0;0;0;0;0;0;0;776.0563
45;0.0;0.5;1.5;6.0;0.0;0.0;0.0;48;23;71;67.6056;48;23;71;67.6056;100.0;0;0;0;0;0;0;776.0563
126;0.5;0.0;0.0;2.0;0.0;0.0;0.0;48;23;71;67.6056;48;23;71;67.6056;100.0;0;0;0;0;0;0;776.0563
127;0.5;0.0;0.0;3.0;0.0;0.0;0.0;48;23;71;67.6056;48;23;71;67.6056;100.0;0;0;0;0;0;0;776.0563
128;0.5;0.0;0.0;4.0;0.0;0.0;0.0;48;23;71;67.6056;48;23;71;67.6056;100.0;0;0;0;0;0;0;776.0563
129;0.5;0.0;0.0;5.0;0.0;0.0;0.0;48;23;71;67.6056;48;23;71;67.6056;100.0;0;0;0;0;0;0;776.0563
130;0.5;0.0;0.0;6.0;0.0;0.0;0.0;48;23;71;67.6056;48;23;71;67.6056;100.0;0;0;0;0;0;0;776.0563
131;0.5;0.0;0.5;2.0;0.0;0.0;0.0;48;23;71;67.6056;48;23;71;67.6056;100.0;0;0;0;0;0;0;776.0563
132;0.5;0.0;0.5;3.0;0.0;0.0;0.0;48;23;71;67.6056;48;23;71;67.6056;100.0;0;0;0;0;0;0;776.0563
133;0.5;0.0;0.5;4.0;0.0;0.0;0.0;48;23;71;67.6056;48;23;71;67.6056;100.0;0;0;0;0;0;0;776.0563
134;0.5;0.0;0.5;5.0;0.0;0.0;0.0;48;23;71;67.6056;48;23;71;67.6056;100.0;0;0;0;0;0;0;776.0563
135;0.5;0.0;0.5;6.0;0.0;0.0;0.0;48;23;71;67.6056;48;23;71;67.6056;100.0;0;0;0;0;0;0;776.0563
136;0.5;0.0;1.0;2.0;0.0;0.0;0.0;48;23;71;67.6056;48;23;71;67.6056;100.0;0;0;0;0;0;0;776.0563
137;0.5;0.0;1.0;3.0;0.0;0.0;0.0;48;23;71;67.6056;48;23;71;67.6056;100.0;0;0;0;0;0;0;776.0563
138;0.5;0.0;1.0;4.0;0.0;0.0;0.0;48;23;71;67.6056;48;23;71;67.6056;100.0;0;0;0;0;0;0;776.0563
139;0.5;0.0;1.0;5.0;0.0;0.0;0.0;48;23;71;67.6056;48;23;71;67.6056;100.0;0;0;0;0;0;0;776.0563
140;0.5;0.0;1.0;6.0;0.0;0.0;0.0;48;23;71;67.6056;48;23;71;67.6056;100.0;0;0;0;0;0;0;776.0563
141;0.5;0.0;1.5;2.0;0.0;0.0;0.0;48;23;71;67.6056;48;23;71;67.6056;100.0;0;0;0;0;0;0;776.0563
142;0.5;0.0;1.5;3.0;0.0;0.0;0.0;48;23;71;67.6056;48;23;71;67.6056;100.0;0;0;0;0;0;0;776.0563
143;0.5;0.0;1.5;4.0;0.0;0.0;0.0;48;23;71;67.6056;48;23;71;67.6056;100.0;0;0;0;0;0;0;776.0563
144;0.5;0.0;1.5;5.0;0.0;0.0;0.0;48;23;71;67.6056;48;23;71;67.6056;100.0;0;0;0;0;0;0;776.0563
145;0.5;0.0;1.5;6.0;0.0;0.0;0.0;48;23;71;67.6056;48;23;71;67.6056;100.0;0;0;0;0;0;0;776.0563
151;0.5;0.5;0.0;2.0;0.0;0.0;0.0;48;23;71;67.6056;48;23;71;67.6056;100.0;0;0;0;0;0;0;776.0563
152;0.5;0.5;0.0;3.0;0.0;0.0;0.0;48;23;71;67.6056;48;23;71;67.6056;100.0;0;0;0;0;0;0;776.0563
153;0.5;0.5;0.0;4.0;0.0;0.0;0.0;48;23;71;67.6056;48;23;71;67.6056;100.0;0;0;0;0;0;0;776.0563
154;0.5;0.5;0.0;5.0;0.0;0.0;0.0;48;23;71;67.6056;48;23;71;67.6056;100.0;0;0;0;0;0;0;776.0563
155;0.5;0.5;0.0;6.0;0.0;0.0;0.0;48;23;71;67.6056;48;23;71;67.6056;100.0;0;0;0;0;0;0;776.0563
156;0.5;0.5;0.5;2.0;0.0;0.0;0.0;48;23;71;67.6056;48;23;71;67.6056;100.0;0;0;0;0;0;0;776.0563
157;0.5;0.5;0.5;3.0;0.0;0.0;0.0;48;23;71;67.6056;48;23;71;67.6056;100.0;0;0;0;0;0;0;776.0563
158;0.5;0.5;0.5;4.0;0.0;0.0;0.0;48;23;71;67.6056;48;23;71;67.6056;100.0;0;0;0;0;0;0;776.0563
159;0.5;0.5;0.5;5.0;0.0;0.0;0.0;48;23;71;67.6056;48;23;71;67.6056;100.0;0;0;0;0;0;0;776.0563
160;0.5;0.5;0.5;6.0;0.0;0.0;0.0;48;23;71;67.6056;48;23;71;67.6056;100.0;0;0;0;0;0;0;776.0563
161;0.5;0.5;1.0;2.0;0.0;0.0;0.0;48;23;71;67.6056;48;23;71;67.6056;100.0;0;0;0;0;0;0;776.0563
162;0.5;0.5;1.0;3.0;0.0;0.0;0.0;48;23;71;67.6056;48;23;71;67.6056;100.0;0;0;0;0;0;0;776.0563
163;0.5;0.5;1.0;4.0;0.0;0.0;0.0;48;23;71;67.6056;48;23;71;67.6056;100.0;0;0;0;0;0;0;776.0563
164;0.5;0.5;1.0;5.0;0.0;0.0;0.0;48;23;71;67.6056;48;23;71;67.6056;100.0;0;0;0;0;0;0;776.0563
165;0.5;0.5;1.0;6.0;0.0;0.0;0.0;48;23;71;67.6056;48;23;71;67.6056;100.0;0;0;0;0;0;0;776.0563
166;0.5;0.5;1.5;2.0;0.0;0.0;0.0;48;23;71;67.6056;48;23;71;67.6056;100.0;0;0;0;0;0;0;776.0563
167;0.5;0.5;1.5;3.0;0.0;0.0;0.0;48;23;71;67.6056;48;23;71;67.6056;100.0;0;0;0;0;0;0;776.0563
168;0.5;0.5;1.5;4.0;0.0;0.0;0.0;48;23;71;67.6056;48;23;71;67.6056;100.0;0;0;0;0;0;0;776.0563
169;0.5;0.5;1.5;5.0;0.0;0.0;0.0;48;23;71;67.6056;48;23;71;67.6056;100.0;0;0;0;0;0;0;776.0563
170;0.5;0.5;1.5;6.0;0.0;0.0;0.0;48;23;71;67.6056;48;23;71;67.6056;100.0;0;0;0;0;0;0;776.0563
251;1.0;0.0;0.0;2.0;0.0;0.0;0.0;48;23;71;67.6056;48;23;71;67.6056;100.0;0;0;0;0;0;0;776.0563
252;1.0;0.0;0.0;3.0;0.0;0.0;0.0;48;23;71;67.6056;48;23;71;67.6056;100.0;0;0;0;0;0;0;776.0563
253;1.0;0.0;0.0;4.0;0.0;0.0;0.0;48;23;71;67.6056;48;23;71;67.6056;100.0;0;0;0;0;0;0;776.0563
254;1.0;0.0;0.0;5.0;0.0;0.0;0.0;48;23;71;67.6056;48;23;71;67.6056;100.0;0;0;0;0;0;0;776.0563
255;1.0;0.0;0.0;6.0;0.0;0.0;0.0;48;23;71;67.6056;48;23;71;67.6056;100.0;0;0;0;0;0;0;776.0563
256;1.0;0.0;0.5;2.0;0.0;0.0;0.0;48;23;71;67.6056;48;23;71;67.6056;100.0;0;0;0;0;0;0;776.0563
257;1.0;0.0;0.5;3.0;0.0;0.0;0.0;48;23;71;67.6056;48;23;71;67.6056;100.0;0;0;0;0;0;0;776.0563
258;1.0;0.0;0.5;4.0;0.0;0.0;0.0;48;23;71;67.6056;48;23;71;67.6056;100.0;0;0;0;0;0;0;776.0563
259;1.0;0.0;0.5;5.0;0.0;0.0;0.0;48;23;71;67.6056;48;23;71;67.6056;100.0;0;0;0;0;0;0;776.0563
260;1.0;0.0;0.5;6.0;0.0;0.0;0.0;48;23;71;67.6056;48;23;71;67.6056;100.0;0;0;0;0;0;0;776.0563
261;1.0;0.0;1.0;2.0;0.0;0.0;0.0;48;23;71;67.6056;48;23;71;67.6056;100.0;0;0;0;0;0;0;776.0563
262;1.0;0.0;1.0;3.0;0.0;0.0;0.0;48;23;71;67.6056;48;23;71;67.6056;100.0;0;0;0;0;0;0;776.0563
263;1.0;0.0;1.0;4.0;0.0;0.0;0.0;48;23;71;67.6056;48;23;71;67.6056;100.0;0;0;0;0;0;0;776.0563
264;1.0;0.0;1.0;5.0;0.0;0.0;0.0;48;23;71;67.6056;48;23;71;67.6056;100.0;0;0;0;0;0;0;776.0563
265;1.0;0.0;1.0;6.0;0.0;0.0;0.0;48;23;71;67.6056;48;23;71;67.6056;100.0;0;0;0;0;0;0;776.0563
266;1.0;0.0;1.5;2.0;0.0;0.0;0.0;48;23;71;67.6056;48;23;71;67.6056;100.0;0;0;0;0;0;0;776.0563
267;1.0;0.0;1.5;3.0;0.0;0.0;0.0;48;23;71;67.6056;48;23;71;67.6056;100.0;0;0;0;0;0;0;776.0563
268;1.0;0.0;1.5;4.0;0.0;0.0;0.0;48;23;71;67.6056;48;23;71;67.6056;100.0;0;0;0;0;0;0;776.0563
269;1.0;0.0;1.5;5.0;0.0;0.0;0.0;48;23;71;67.6056;48;23;71;67.6056;100.0;0;0;0;0;0;0;776.0563
270;1.0;0.0;1.5;6.0;0.0;0.0;0.0;48;23;71;67.6056;48;23;71;67.6056;100.0;0;0;0;0;0;0;776.0563
276;1.0;0.5;0.0;2.0;0.0;0.0;0.0;48;23;71;67.6056;48;23;71;67.6056;100.0;0;0;0;0;0;0;776.0563
277;1.0;0.5;0.0;3.0;0.0;0.0;0.0;48;23;71;67.6056;48;23;71;67.6056;100.0;0;0;0;0;0;0;776.0563
278;1.0;0.5;0.0;4.0;0.0;0.0;0.0;48;23;71;67.6056;48;23;71;67.6056;100.0;0;0;0;0;0;0;776.0563
279;1.0;0.5;0.0;5.0;0.0;0.0;0.0;48;23;71;67.6056;48;23;71;67.6056;100.0;0;0;0;0;0;0;776.0563
280;1.0;0.5;0.0;6.0;0.0;0.0;0.0;48;23;71;67.6056;48;23;71;67.6056;100.0;0;0;0;0;0;0;776.0563
281;1.0;0.5;0.5;2.0;0.0;0.0;0.0;48;23;71;67.6056;48;23;71;67.6056;100.0;0;0;0;0;0;0;776.0563
282;1.0;0.5;0.5;3.0;0.0;0.0;0.0;48;23;71;67.6056;48;23;71;67.6056;100.0;0;0;0;0;0;0;776.0563
283;1.0;0.5;0.5;4.0;0.0;0.0;0.0;48;23;71;67.6056;48;23;71;67.6056;100.0;0;0;0;0;0;0;776.0563
284;1.0;0.5;0.5;5.0;0.0;0.0;0.0;48;23;71;67.6056;48;23;71;67.6056;100.0;0;0;0;0;0;0;776.0563
285;1.0;0.5;0.5;6.0;0.0;0.0;0.0;48;23;71;67.6056;48;23;71;67.6056;100.0;0;0;0;0;0;0;776.0563
286;1.0;0.5;1.0;2.0;0.0;0.0;0.0;48;23;71;67.6056;48;23;71;67.6056;100.0;0;0;0;0;0;0;776.0563
287;1.0;0.5;1.0;3.0;0.0;0.0;0.0;48;23;71;67.6056;48;23;71;67.6056;100.0;0;0;0;0;0;0;776.0563
288;1.0;0.5;1.0;4.0;0.0;0.0;0.0;48;23;71;67.6056;48;23;71;67.6056;100.0;0;0;0;0;0;0;776.0563
289;1.0;0.5;1.0;5.0;0.0;0.0;0.0;48;23;71;67.6056;48;23;71;67.6056;100.0;0;0;0;0;0;0;776.0563
290;1.0;0.5;1.0;6.0;0.0;0.0;0.0;48;23;71;67.6056;48;23;71;67.6056;100.0;0;0;0;0;0;0;776.0563
291;1.0;0.5;1.5;2.0;0.0;0.0;0.0;48;23;71;67.6056;48;23;71;67.6056;100.0;0;0;0;0;0;0;776.0563
292;1.0;0.5;1.5;3.0;0.0;0.0;0.0;48;23;71;67.6056;48;23;71;67.6056;100.0;0;0;0;0;0;0;776.0563
293;1.0;0.5;1.5;4.0;0.0;0.0;0.0;48;23;71;67.6056;48;23;71;67.6056;100.0;0;0;0;0;0;0;776.0563
294;1.0;0.5;1.5;5.0;0.0;0.0;0.0;48;23;71;67.6056;48;23;71;67.6056;100.0;0;0;0;0;0;0;776.0563
295;1.0;0.5;1.5;6.0;0.0;0.0;0.0;48;23;71;67.6056;48;23;71;67.6056;100.0;0;0;0;0;0;0;776.0563
376;1.5;0.0;0.0;2.0;0.0;0.0;0.0;48;23;71;67.6056;48;23;71;67.6056;100.0;0;0;0;0;0;0;776.0563
377;1.5;0.0;0.0;3.0;0.0;0.0;0.0;48;23;71;67.6056;48;23;71;67.6056;100.0;0;0;0;0;0;0;776.0563
378;1.5;0.0;0.0;4.0;0.0;0.0;0.0;48;23;71;67.6056;48;23;71;67.6056;100.0;0;0;0;0;0;0;776.0563
379;1.5;0.0;0.0;5.0;0.0;0.0;0.0;48;23;71;67.6056;48;23;71;67.6056;100.0;0;0;0;0;0;0;776.0563
380;1.5;0.0;0.0;6.0;0.0;0.0;0.0;48;23;71;67.6056;48;23;71;67.6056;100.0;0;0;0;0;0;0;776.0563
381;1.5;0.0;0.5;2.0;0.0;0.0;0.0;48;23;71;67.6056;48;23;71;67.6056;100.0;0;0;0;0;0;0;776.0563
382;1.5;0.0;0.5;3.0;0.0;0.0;0.0;48;23;71;67.6056;48;23;71;67.6056;100.0;0;0;0;0;0;0;776.0563
383;1.5;0.0;0.5;4.0;0.0;0.0;0.0;48;23;71;67.6056;48;23;71;67.6056;100.0;0;0;0;0;0;0;776.0563
384;1.5;0.0;0.5;5.0;0.0;0.0;0.0;48;23;71;67.6056;48;23;71;67.6056;100.0;0;0;0;0;0;0;776.0563
385;1.5;0.0;0.5;6.0;0.0;0.0;0.0;48;23;71;67.6056;48;23;71;67.6056;100.0;0;0;0;0;0;0;776.0563
386;1.5;0.0;1.0;2.0;0.0;0.0;0.0;48;23;71;67.6056;48;23;71;67.6056;100.0;0;0;0;0;0;0;776.0563
387;1.5;0.0;1.0;3.0;0.0;0.0;0.0;48;23;71;67.6056;48;23;71;67.6056;100.0;0;0;0;0;0;0;776.0563
388;1.5;0.0;1.0;4.0;0.0;0.0;0.0;48;23;71;67.6056;48;23;71;67.6056;100.0;0;0;0;0;0;0;776.0563
389;1.5;0.0;1.0;5.0;0.0;0.0;0.0;48;23;71;67.6056;48;23;71;67.6056;100.0;0;0;0;0;0;0;776.0563
390;1.5;0.0;1.0;6.0;0.0;0.0;0.0;48;23;71;67.6056;48;23;71;67.6056;100.0;0;0;0;0;0;0;776.0563
391;1.5;0.0;1.5;2.0;0.0;0.0;0.0;48;23;71;67.6056;48;23;71;67.6056;100.0;0;0;0;0;0;0;776.0563
392;1.5;0.0;1.5;3.0;0.0;0.0;0.0;48;23;71;67.6056;48;23;71;67.6056;100.0;0;0;0;0;0;0;776.0563
393;1.5;0.0;1.5;4.0;0.0;0.0;0.0;48;23;71;67.6056;48;23;71;67.6056;100.0;0;0;0;0;0;0;776.0563
394;1.5;0.0;1.5;5.0;0.0;0.0;0.0;48;23;71;67.6056;48;23;71;67.6056;100.0;0;0;0;0;0;0;776.0563
395;1.5;0.0;1.5;6.0;0.0;0.0;0.0;48;23;71;67.6056;48;23;71;67.6056;100.0;0;0;0;0;0;0;776.0563
401;1.5;0.5;0.0;2.0;0.0;0.0;0.0;48;23;71;67.6056;48;23;71;67.6056;100.0;0;0;0;0;0;0;776.0563
402;1.5;0.5;0.0;3.0;0.0;0.0;0.0;48;23;71;67.6056;48;23;71;67.6056;100.0;0;0;0;0;0;0;776.0563
403;1.5;0.5;0.0;4.0;0.0;0.0;0.0;48;23;71;67.6056;48;23;71;67.6056;100.0;0;0;0;0;0;0;776.0563
404;1.5;0.5;0.0;5.0;0.0;0.0;0.0;48;23;71;67.6056;48;23;71;67.6056;100.0;0;0;0;0;0;0;776.0563
405;1.5;0.5;0.0;6.0;0.0;0.0;0.0;48;23;71;67.6056;48;23;71;67.6056;100.0;0;0;0;0;0;0;776.0563
406;1.5;0.5;0.5;2.0;0.0;0.0;0.0;48;23;71;67.6056;48;23;71;67.6056;100.0;0;0;0;0;0;0;776.0563
407;1.5;0.5;0.5;3.0;0.0;0.0;0.0;48;23;71;67.6056;48;23;71;67.6056;100.0;0;0;0;0;0;0;776.0563
408;1.5;0.5;0.5;4.0;0.0;0.0;0.0;48;23;71;67.6056;48;23;71;67.6056;100.0;0;0;0;0;0;0;776.0563
409;1.5;0.5;0.5;5.0;0.0;0.0;0.0;48;23;71;67.6056;48;23;71;67.6056;100.0;0;0;0;0;0;0;776.0563
410;1.5;0.5;0.5;6.0;0.0;0.0;0.0;48;23;71;67.6056;48;23;71;67.6056;100.0;0;0;0;0;0;0;776.0563
411;1.5;0.5;1.0;2.0;0.0;0.0;0.0;48;23;71;67.6056;48;23;71;67.6056;100.0;0;0;0;0;0;0;776.0563
412;1.5;0.5;1.0;3.0;0.0;0.0;0.0;48;23;71;67.6056;48;23;71;67.6056;100.0;0;0;0;0;0;0;776.0563
413;1.5;0.5;1.0;4.0;0.0;0.0;0.0;48;23;71;67.6056;48;23;71;67.6056;100.0;0;0;0;0;0;0;776.0563
414;1.5;0.5;1.0;5.0;0.0;0.0;0.0;48;23;71;67.6056;48;23;71;67.6056;100.0;0;0;0;0;0;0;776.0563
415;1.5;0.5;1.0;6.0;0.0;0.0;0.0;48;23;71;67.6056;48;23;71;67.6056;100.0;0;0;0;0;0;0;776.0563
416;1.5;0.5;1.5;2.0;0.0;0.0;0.0;48;23;71;67.6056;48;23;71;67.6056;100.0;0;0;0;0;0;0;776.0563
417;1.5;0.5;1.5;3.0;0.0;0.0;0.0;48;23;71;67.6056;48;23;71;67.6056;100.0;0;0;0;0;0;0;776.0563
418;1.5;0.5;1.5;4.0;0.0;0.0;0.0;48;23;71;67.6056;48;23;71;67.6056;100.0;0;0;0;0;0;0;776.0563
419;1.5;0.5;1.5;5.0;0.0;0.0;0.0;48;23;71;67.6056;48;23;71;67.6056;100.0;0;0;0;0;0;0;776.0563
420;1.5;0.5;1.5;6.0;0.0;0.0;0.0;48;23;71;67.6056;48;23;71;67.6056;100.0;0;0;0;0;0;0;776.0563
501;2.0;0.0;0.0;2.0;0.0;0.0;0.0;48;23;71;67.6056;48;23;71;67.6056;100.0;0;0;0;0;0;0;776.0563
502;2.0;0.0;0.0;3.0;0.0;0.0;0.0;48;23;71;67.6056;48;23;71;67.6056;100.0;0;0;0;0;0;0;776.0563
503;2.0;0.0;0.0;4.0;0.0;0.0;0.0;48;23;71;67.6056;48;23;71;67.6056;100.0;0;0;0;0;0;0;776.0563
504;2.0;0.0;0.0;5.0;0.0;0.0;0.0;48;23;71;67.6056;48;23;71;67.6056;100.0;0;0;0;0;0;0;776.0563
505;2.0;0.0;0.0;6.0;0.0;0.0;0.0;48;23;71;67.6056;48;23;71;67.6056;100.0;0;0;0;0;0;0;776.0563
506;2.0;0.0;0.5;2.0;0.0;0.0;0.0;48;23;71;67.6056;48;23;71;67.6056;100.0;0;0;0;0;0;0;776.0563
507;2.0;0.0;0.5;3.0;0.0;0.0;0.0;48;23;71;67.6056;48;23;71;67.6056;100.0;0;0;0;0;0;0;776.0563
508;2.0;0.0;0.5;4.0;0.0;0.0;0.0;48;23;71;67.6056;48;23;71;67.6056;100.0;0;0;0;0;0;0;776.0563
509;2.0;0.0;0.5;5.0;0.0;0.0;0.0;48;23;71;67.6056;48;23;71;67.6056;100.0;0;0;0;0;0;0;776.0563
510;2.0;0.0;0.5;6.0;0.0;0.0;0.0;48;23;71;67.6056;48;23;71;67.6056;100.0;0;0;0;0;0;0;776.0563
511;2.0;0.0;1.0;2.0;0.0;0.0;0.0;48;23;71;67.6056;48;23;71;67.6056;100.0;0;0;0;0;0;0;776.0563
512;2.0;0.0;1.0;3.0;0.0;0.0;0.0;48;23;71;67.6056;48;23;71;67.6056;100.0;0;0;0;0;0;0;776.0563
513;2.0;0.0;1.0;4.0;0.0;0.0;0.0;48;23;71;67.6056;48;23;71;67.6056;100.0;0;0;0;0;0;0;776.0563
514;2.0;0.0;1.0;5.0;0.0;0.0;0.0;48;23;71;67.6056;48;23;71;67.6056;100.0;0;0;0;0;0;0;776.0563
515;2.0;0.0;1.0;6.0;0.0;0.0;0.0;48;23;71;67.6056;48;23;71;67.6056;100.0;0;0;0;0;0;0;776.0563
516;2.0;0.0;1.5;2.0;0.0;0.0;0.0;48;23;71;67.6056;48;23;71;67.6056;100.0;0;0;0;0;0;0;776.0563
517;2.0;0.0;1.5;3.0;0.0;0.0;0.0;48;23;71;67.6056;48;23;71;67.6056;100.0;0;0;0;0;0;0;776.0563
518;2.0;0.0;1.5;4.0;0.0;0.0;0.0;48;23;71;67.6056;48;23;71;67.6056;100.0;0;0;0;0;0;0;776.0563
519;2.0;0.0;1.5;5.0;0.0;0.0;0.0;48;23;71;67.6056;48;23;71;67.6056;100.0;0;0;0;0;0;0;776.0563
520;2.0;0.0;1.5;6.0;0.0;0.0;0.0;48;23;71;67.6056;48;23;71;67.6056;100.0;0;0;0;0;0;0;776.0563
526;2.0;0.5;0.0;2.0;0.0;0.0;0.0;48;23;71;67.6056;48;23;71;67.6056;100.0;0;0;0;0;0;0;776.0563
527;2.0;0.5;0.0;3.0;0.0;0.0;0.0;48;23;71;67.6056;48;23;71;67.6056;100.0;0;0;0;0;0;0;776.0563
528;2.0;0.5;0.0;4.0;0.0;0.0;0.0;48;23;71;67.6056;48;23;71;67.6056;100.0;0;0;0;0;0;0;776.0563
529;2.0;0.5;0.0;5.0;0.0;0.0;0.0;48;23;71;67.6056;48;23;71;67.6056;100.0;0;0;0;0;0;0;776.0563
530;2.0;0.5;0.0;6.0;0.0;0.0;0.0;48;23;71;67.6056;48;23;71;67.6056;100.0;0;0;0;0;0;0;776.0563
531;2.0;0.5;0.5;2.0;0.0;0.0;0.0;48;23;71;67.6056;48;23;71;67.6056;100.0;0;0;0;0;0;0;776.0563
532;2.0;0.5;0.5;3.0;0.0;0.0;0.0;48;23;71;67.6056;48;23;71;67.6056;100.0;0;0;0;0;0;0;776.0563
533;2.0;0.5;0.5;4.0;0.0;0.0;0.0;48;23;71;67.6056;48;23;71;67.6056;100.0;0;0;0;0;0;0;776.0563
534;2.0;0.5;0.5;5.0;0.0;0.0;0.0;48;23;71;67.6056;48;23;71;67.6056;100.0;0;0;0;0;0;0;776.0563
535;2.0;0.5;0.5;6.0;0.0;0.0;0.0;48;23;71;67.6056;48;23;71;67.6056;100.0;0;0;0;0;0;0;776.0563
536;2.0;0.5;1.0;2.0;0.0;0.0;0.0;48;23;71;67.6056;48;23;71;67.6056;100.0;0;0;0;0;0;0;776.0563
537;2.0;0.5;1.0;3.0;0.0;0.0;0.0;48;23;71;67.6056;48;23;71;67.6056;100.0;0;0;0;0;0;0;776.0563
538;2.0;0.5;1.0;4.0;0.0;0.0;0.0;48;23;71;67.6056;48;23;71;67.6056;100.0;0;0;0;0;0;0;776.0563
539;2.0;0.5;1.0;5.0;0.0;0.0;0.0;48;23;71;67.6056;48;23;71;67.6056;100.0;0;0;0;0;0;0;776.0563
540;2.0;0.5;1.0;6.0;0.0;0.0;0.0;48;23;71;67.6056;48;23;71;67.6056;100.0;0;0;0;0;0;0;776.0563
541;2.0;0.5;1.5;2.0;0.0;0.0;0.0;48;23;71;67.6056;48;23;71;67.6056;100.0;0;0;0;0;0;0;776.0563
542;2.0;0.5;1.5;3.0;0.0;0.0;0.0;48;23;71;67.6056;48;23;71;67.6056;100.0;0;0;0;0;0;0;776.0563
543;2.0;0.5;1.5;4.0;0.0;0.0;0.0;48;23;71;67.6056;48;23;71;67.6056;100.0;0;0;0;0;0;0;776.0563
544;2.0;0.5;1.5;5.0;0.0;0.0;0.0;48;23;71;67.6056;48;23;71;67.6056;100.0;0;0;0;0;0;0;776.0563
545;2.0;0.5;1.5;6.0;0.0;0.0;0.0;48;23;71;67.6056;48;23;71;67.6056;100.0;0;0;0;0;0;0;776.0563
21;0.0;0.0;2.0;2.0;0.0;0.0;0.0;48;23;71;67.6056;47;23;70;67.1429;98.5915;0;1;-1;0;0;0;-229.9799
22;0.0;0.0;2.0;3.0;0.0;0.0;0.0;48;23;71;67.6056;47;23;70;67.1429;98.5915;0;1;-1;0;0;0;-229.9799
23;0.0;0.0;2.0;4.0;0.0;0.0;0.0;48;23;71;67.6056;47;23;70;67.1429;98.5915;0;1;-1;0;0;0;-229.9799
24;0.0;0.0;2.0;5.0;0.0;0.0;0.0;48;23;71;67.6056;47;23;70;67.1429;98.5915;0;1;-1;0;0;0;-229.9799
25;0.0;0.0;2.0;6.0;0.0;0.0;0.0;48;23;71;67.6056;47;23;70;67.1429;98.5915;0;1;-1;0;0;0;-229.9799
46;0.0;0.5;2.0;2.0;0.0;0.0;0.0;48;23;71;67.6056;47;23;70;67.1429;98.5915;0;1;-1;0;0;0;-229.9799
47;0.0;0.5;2.0;3.0;0.0;0.0;0.0;48;23;71;67.6056;47;23;70;67.1429;98.5915;0;1;-1;0;0;0;-229.9799
48;0.0;0.5;2.0;4.0;0.0;0.0;0.0;48;23;71;67.6056;47;23;70;67.1429;98.5915;0;1;-1;0;0;0;-229.9799
49;0.0;0.5;2.0;5.0;0.0;0.0;0.0;48;23;71;67.6056;47;23;70;67.1429;98.5915;0;1;-1;0;0;0;-229.9799
50;0.0;0.5;2.0;6.0;0.0;0.0;0.0;48;23;71;67.6056;47;23;70;67.1429;98.5915;0;1;-1;0;0;0;-229.9799
146;0.5;0.0;2.0;2.0;0.0;0.0;0.0;48;23;71;67.6056;47;23;70;67.1429;98.5915;0;1;-1;0;0;0;-229.9799
147;0.5;0.0;2.0;3.0;0.0;0.0;0.0;48;23;71;67.6056;47;23;70;67.1429;98.5915;0;1;-1;0;0;0;-229.9799
148;0.5;0.0;2.0;4.0;0.0;0.0;0.0;48;23;71;67.6056;47;23;70;67.1429;98.5915;0;1;-1;0;0;0;-229.9799
149;0.5;0.0;2.0;5.0;0.0;0.0;0.0;48;23;71;67.6056;47;23;70;67.1429;98.5915;0;1;-1;0;0;0;-229.9799
150;0.5;0.0;2.0;6.0;0.0;0.0;0.0;48;23;71;67.6056;47;23;70;67.1429;98.5915;0;1;-1;0;0;0;-229.9799
171;0.5;0.5;2.0;2.0;0.0;0.0;0.0;48;23;71;67.6056;47;23;70;67.1429;98.5915;0;1;-1;0;0;0;-229.9799
172;0.5;0.5;2.0;3.0;0.0;0.0;0.0;48;23;71;67.6056;47;23;70;67.1429;98.5915;0;1;-1;0;0;0;-229.9799
173;0.5;0.5;2.0;4.0;0.0;0.0;0.0;48;23;71;67.6056;47;23;70;67.1429;98.5915;0;1;-1;0;0;0;-229.9799
174;0.5;0.5;2.0;5.0;0.0;0.0;0.0;48;23;71;67.6056;47;23;70;67.1429;98.5915;0;1;-1;0;0;0;-229.9799
175;0.5;0.5;2.0;6.0;0.0;0.0;0.0;48;23;71;67.6056;47;23;70;67.1429;98.5915;0;1;-1;0;0;0;-229.9799
271;1.0;0.0;2.0;2.0;0.0;0.0;0.0;48;23;71;67.6056;47;23;70;67.1429;98.5915;0;1;-1;0;0;0;-229.9799
272;1.0;0.0;2.0;3.0;0.0;0.0;0.0;48;23;71;67.6056;47;23;70;67.1429;98.5915;0;1;-1;0;0;0;-229.9799
273;1.0;0.0;2.0;4.0;0.0;0.0;0.0;48;23;71;67.6056;47;23;70;67.1429;98.5915;0;1;-1;0;0;0;-229.9799
274;1.0;0.0;2.0;5.0;0.0;0.0;0.0;48;23;71;67.6056;47;23;70;67.1429;98.5915;0;1;-1;0;0;0;-229.9799
275;1.0;0.0;2.0;6.0;0.0;0.0;0.0;48;23;71;67.6056;47;23;70;67.1429;98.5915;0;1;-1;0;0;0;-229.9799
296;1.0;0.5;2.0;2.0;0.0;0.0;0.0;48;23;71;67.6056;47;23;70;67.1429;98.5915;0;1;-1;0;0;0;-229.9799
297;1.0;0.5;2.0;3.0;0.0;0.0;0.0;48;23;71;67.6056;47;23;70;67.1429;98.5915;0;1;-1;0;0;0;-229.9799
298;1.0;0.5;2.0;4.0;0.0;0.0;0.0;48;23;71;67.6056;47;23;70;67.1429;98.5915;0;1;-1;0;0;0;-229.9799
299;1.0;0.5;2.0;5.0;0.0;0.0;0.0;48;23;71;67.6056;47;23;70;67.1429;98.5915;0;1;-1;0;0;0;-229.9799
300;1.0;0.5;2.0;6.0;0.0;0.0;0.0;48;23;71;67.6056;47;23;70;67.1429;98.5915;0;1;-1;0;0;0;-229.9799
396;1.5;0.0;2.0;2.0;0.0;0.0;0.0;48;23;71;67.6056;47;23;70;67.1429;98.5915;0;1;-1;0;0;0;-229.9799
397;1.5;0.0;2.0;3.0;0.0;0.0;0.0;48;23;71;67.6056;47;23;70;67.1429;98.5915;0;1;-1;0;0;0;-229.9799
398;1.5;0.0;2.0;4.0;0.0;0.0;0.0;48;23;71;67.6056;47;23;70;67.1429;98.5915;0;1;-1;0;0;0;-229.9799
399;1.5;0.0;2.0;5.0;0.0;0.0;0.0;48;23;71;67.6056;47;23;70;67.1429;98.5915;0;1;-1;0;0;0;-229.9799
400;1.5;0.0;2.0;6.0;0.0;0.0;0.0;48;23;71;67.6056;47;23;70;67.1429;98.5915;0;1;-1;0;0;0;-229.9799
421;1.5;0.5;2.0;2.0;0.0;0.0;0.0;48;23;71;67.6056;47;23;70;67.1429;98.5915;0;1;-1;0;0;0;-229.9799
422;1.5;0.5;2.0;3.0;0.0;0.0;0.0;48;23;71;67.6056;47;23;70;67.1429;98.5915;0;1;-1;0;0;0;-229.9799
423;1.5;0.5;2.0;4.0;0.0;0.0;0.0;48;23;71;67.6056;47;23;70;67.1429;98.5915;0;1;-1;0;0;0;-229.9799
424;1.5;0.5;2.0;5.0;0.0;0.0;0.0;48;23;71;67.6056;47;23;70;67.1429;98.5915;0;1;-1;0;0;0;-229.9799
425;1.5;0.5;2.0;6.0;0.0;0.0;0.0;48;23;71;67.6056;47;23;70;67.1429;98.5915;0;1;-1;0;0;0;-229.9799
521;2.0;0.0;2.0;2.0;0.0;0.0;0.0;48;23;71;67.6056;47;23;70;67.1429;98.5915;0;1;-1;0;0;0;-229.9799
522;2.0;0.0;2.0;3.0;0.0;0.0;0.0;48;23;71;67.6056;47;23;70;67.1429;98.5915;0;1;-1;0;0;0;-229.9799
523;2.0;0.0;2.0;4.0;0.0;0.0;0.0;48;23;71;67.6056;47;23;70;67.1429;98.5915;0;1;-1;0;0;0;-229.9799
524;2.0;0.0;2.0;5.0;0.0;0.0;0.0;48;23;71;67.6056;47;23;70;67.1429;98.5915;0;1;-1;0;0;0;-229.9799
525;2.0;0.0;2.0;6.0;0.0;0.0;0.0;48;23;71;67.6056;47;23;70;67.1429;98.5915;0;1;-1;0;0;0;-229.9799
546;2.0;0.5;2.0;2.0;0.0;0.0;0.0;48;23;71;67.6056;47;23;70;67.1429;98.5915;0;1;-1;0;0;0;-229.9799
547;2.0;0.5;2.0;3.0;0.0;0.0;0.0;48;23;71;67.6056;47;23;70;67.1429;98.5915;0;1;-1;0;0;0;-229.9799
548;2.0;0.5;2.0;4.0;0.0;0.0;0.0;48;23;71;67.6056;47;23;70;67.1429;98.5915;0;1;-1;0;0;0;-229.9799
549;2.0;0.5;2.0;5.0;0.0;0.0;0.0;48;23;71;67.6056;47;23;70;67.1429;98.5915;0;1;-1;0;0;0;-229.9799
550;2.0;0.5;2.0;6.0;0.0;0.0;0.0;48;23;71;67.6056;47;23;70;67.1429;98.5915;0;1;-1;0;0;0;-229.9799
