MatchDate;LeagueId;Home;Away;Score;Band;Round;PredictionDate;HomeSourceLeagueId;AwaySourceLeagueId;CompetitionGroup;Reason;RankingGapScore;HomeAttackScore;AwayAttackScore;HomeDefenseWeaknessScore;AwayDefenseWeaknessScore;HomeLast10OverScore;AwayLast10OverScore;HomeVenueOverScore;AwayVenueOverScore;BTTSProfileScore;AlgorithmVersion
2026-08-16;CzechRepublic_3MSFL;Slovacko B;Blansko;89.16;IMM-ALTA-4;4;2026-08-16;CzechRepublic_3MSFL;CzechRepublic_3MSFL;;Ranking gap: 0.708 | Attacco casa: 2.00/gara | Difesa trasferta subisce: 2.50/gara | Over25 casa ultime10: 1.00 | Over25 trasferta ultime10: 1.00;14.16;20.0;;;25.0;15.0;15.0;;;;2.0.0
2026-08-16;CzechRepublic_3MSFL;Unicov;Brno B;86.34;IMM-ALTA-4;4;2026-08-16;CzechRepublic_3MSFL;CzechRepublic_3MSFL;;Ranking gap: 0.942 | Attacco casa: 2.00/gara | Difesa trasferta subisce: 5.00/gara | Over25 casa ultime10: 0.50 | Over25 trasferta ultime10: 1.00;18.84;20.0;;;25.0;7.5;15.0;;;;2.0.0
2026-08-16;Australia_NPLNorthernNSW;Broadmeadow;Charlestown Azzurri;82.13;ALTA;25;2026-08-16;Australia_NPLNorthernNSW;Australia_NPLNorthernNSW;;Ranking gap: 0.667 | Attacco casa: 2.43/gara | Difesa trasferta subisce: 2.57/gara | Over25 casa ultime10: 0.50 | Over25 trasferta ultime10: 0.80;13.34;24.29;;;25.0;7.5;12.0;;;;2.0.0
2026-08-16;Sweden_Division2_NorraSvealand;Skiljebo;Helges;82.08;ALTA;18;2026-08-16;Sweden_Division2_NorraSvealand;Sweden_Division2_NorraSvealand;;Ranking gap: 0.432 | Attacco casa: 2.29/gara | Difesa trasferta subisce: 2.59/gara | Over25 casa ultime10: 0.80 | Over25 trasferta ultime10: 0.90;8.64;22.94;;;25.0;12.0;13.5;;;;2.0.0
2026-08-16;Finland_Kakkonen_GroupC;Narpes Kraft;SJK Akatemia 2;81.25;ALTA;19;2026-08-16;Finland_Kakkonen_GroupC;Finland_Kakkonen_GroupC;;Ranking gap: 0.200 | Attacco casa: 2.94/gara | Difesa trasferta subisce: 2.38/gara | Over25 casa ultime10: 1.00 | Over25 trasferta ultime10: 0.90;4.0;25.0;;;23.75;15.0;13.5;;;;2.0.0
2026-08-16;Finland_Kolmonen_Southern_Group3;JäPS/47;ToTe/Tapio;80.82;ALTA;17;2026-08-16;Finland_Kolmonen_Southern_Group3;Finland_Kolmonen_Southern_Group3;;Ranking gap: 0.362 | Attacco casa: 2.31/gara | Difesa trasferta subisce: 3.00/gara | Over25 casa ultime10: 0.90 | Over25 trasferta ultime10: 0.80;7.24;23.08;;;25.0;13.5;12.0;;;;2.0.0
2026-08-16;Austria_Salzburg;USK Anif;ATSV Salzburg;80.5;IMM-ALTA-4;4;2026-08-16;Austria_Salzburg;Austria_Salzburg;;Ranking gap: 0.025 | Attacco casa: 2.50/gara | Difesa trasferta subisce: 5.50/gara | Over25 casa ultime10: 1.00 | Over25 trasferta ultime10: 1.00;0.5;25.0;;;25.0;15.0;15.0;;;;2.0.0
2026-08-16;Poland_Ekstraklasa;Gornik Zabrze;Wisla;75.24;IMM-ALTA-5;5;2026-08-16;Poland_Ekstraklasa;Poland_Ekstraklasa;;Ranking gap: 0.012 | Attacco casa: 2.50/gara | Difesa trasferta subisce: 2.00/gara | Over25 casa ultime10: 1.00 | Over25 trasferta ultime10: 1.00;0.24;25.0;;;20.0;15.0;15.0;;;;2.0.0
2026-08-16;Norway_OBOSLigaen;Kongsvinger;Haugesund;73.63;MEDIA-ALTA;19;2026-08-16;Norway_OBOSLigaen;Norway_OBOSLigaen;;Ranking gap: 0.036 | Attacco casa: 2.65/gara | Difesa trasferta subisce: 1.94/gara | Over25 casa ultime10: 0.90 | Over25 trasferta ultime10: 1.00;0.72;25.0;;;19.41;13.5;15.0;;;;2.0.0
2026-08-16;Poland_IIILiga_Group3;Zaglebie II;Rakow II;72.66;MEDIA-ALTA;4;2026-08-16;Poland_IIILiga_Group3;Poland_IIILiga_Group3;;Ranking gap: 0.883 | Attacco casa: 1.50/gara | Difesa trasferta subisce: 3.00/gara | Over25 casa ultime10: 0.50 | Over25 trasferta ultime10: 0.50;17.66;15.0;;;25.0;7.5;7.5;;;;2.0.0
2026-08-16;Norway_3rdDivision_Group5;Lillestrom 2;Harstad;70.94;MEDIA-ALTA;18;2026-08-16;Norway_3rdDivision_Group5;Norway_3rdDivision_Group5;;Ranking gap: 0.072 | Attacco casa: 3.13/gara | Difesa trasferta subisce: 1.60/gara | Over25 casa ultime10: 1.00 | Over25 trasferta ultime10: 0.90;1.44;25.0;;;16.0;15.0;13.5;;;;2.0.0
2026-08-16;Germany_Oberliga_SchleswigHolstein;VfR Neumunster;Heider SV;70.86;MEDIA-ALTA;5;2026-08-16;Germany_Oberliga_SchleswigHolstein;Germany_Oberliga_SchleswigHolstein;;Ranking gap: 0.043 | Attacco casa: 2.00/gara | Difesa trasferta subisce: 3.33/gara | Over25 casa ultime10: 0.67 | Over25 trasferta ultime10: 1.00;0.86;20.0;;;25.0;10.0;15.0;;;;2.0.0
2026-08-16;USA_USLLeagueOne;Charlotte Independ.;Sarasota Paradise;70.5;MEDIA-ALTA;30;2026-08-16;USA_USLLeagueOne;USA_USLLeagueOne;;Ranking gap: 0.704 | Attacco casa: 2.26/gara | Difesa trasferta subisce: 1.58/gara | Over25 casa ultime10: 0.70 | Over25 trasferta ultime10: 0.50;14.08;22.63;;;15.79;10.5;7.5;;;;2.0.0
2026-08-16;Norway_3rdDivision_Group5;Alta;Kongsvinger 2;70.47;MEDIA-ALTA;18;2026-08-16;Norway_3rdDivision_Group5;Norway_3rdDivision_Group5;;Ranking gap: 0.090 | Attacco casa: 2.07/gara | Difesa trasferta subisce: 2.40/gara | Over25 casa ultime10: 0.80 | Over25 trasferta ultime10: 0.80;1.8;20.67;;;24.0;12.0;12.0;;;;2.0.0
2026-08-16;Germany_Regionalliga_Nord;Amburgo II;Drochtersen/Assel;70.24;MEDIA-ALTA;5;2026-08-16;Germany_Regionalliga_Nord;Germany_Regionalliga_Nord;;Ranking gap: 0.012 | Attacco casa: 2.00/gara | Difesa trasferta subisce: 2.00/gara | Over25 casa ultime10: 1.00 | Over25 trasferta ultime10: 1.00;0.24;20.0;;;20.0;15.0;15.0;;;;2.0.0
2026-08-16;Austria_2Liga;First Vienna;Liefering;70.04;MEDIA-ALTA;4;2026-08-16;Austria_2Liga;Austria_2Liga;;Ranking gap: 0.002 | Attacco casa: 2.50/gara | Difesa trasferta subisce: 1.50/gara | Over25 casa ultime10: 1.00 | Over25 trasferta ultime10: 1.00;0.04;25.0;;;15.0;15.0;15.0;;;;2.0.0
2026-08-16;Sweden_Division1_Sodra;Rosengard;Utsikten;69.47;MEDIA-ALTA;20;2026-08-16;Sweden_Division1_Sodra;Sweden_Division1_Sodra;;Ranking gap: 0.255 | Attacco casa: 1.69/gara | Difesa trasferta subisce: 2.69/gara | Over25 casa ultime10: 0.80 | Over25 trasferta ultime10: 0.70;5.1;16.88;;;25.0;12.0;10.5;;;;2.0.0
2026-08-16;Australia_NPLNorthernNSW;Belmont Swansea Utd.;Adamstown Rosebud;68.86;MEDIA-ALTA;25;2026-08-16;Australia_NPLNorthernNSW;Australia_NPLNorthernNSW;;Ranking gap: 0.298 | Attacco casa: 2.14/gara | Difesa trasferta subisce: 2.05/gara | Over25 casa ultime10: 0.70 | Over25 trasferta ultime10: 0.70;5.96;21.43;;;20.48;10.5;10.5;;;;2.0.0
2026-08-16;Poland_Division1;Stal Mielec;Polonia B.;68.57;MEDIA-ALTA;5;2026-08-16;Poland_Division1;Poland_Division1;;Ranking gap: 0.012 | Attacco casa: 2.00/gara | Difesa trasferta subisce: 2.33/gara | Over25 casa ultime10: 0.67 | Over25 trasferta ultime10: 1.00;0.24;20.0;;;23.33;10.0;15.0;;;;2.0.0
2026-08-16;Sweden_Division2_SodraSvealand;Forward;Syrianska;68.33;MEDIA-ALTA;18;2026-08-16;Sweden_Division2_SodraSvealand;Sweden_Division2_SodraSvealand;;Ranking gap: 0.229 | Attacco casa: 1.75/gara | Difesa trasferta subisce: 2.38/gara | Over25 casa ultime10: 0.60 | Over25 trasferta ultime10: 0.90;4.58;17.5;;;23.75;9.0;13.5;;;;2.0.0
2026-08-16;Finland_Kolmonen_Southern_Group1;GrIFK/Akatemia U23;PPJ/Ruoholahti;68.26;MEDIA-ALTA;18;2026-08-16;Finland_Kolmonen_Southern_Group1;Finland_Kolmonen_Southern_Group1;;Ranking gap: 0.031 | Attacco casa: 1.71/gara | Difesa trasferta subisce: 2.57/gara | Over25 casa ultime10: 0.90 | Over25 trasferta ultime10: 0.80;0.62;17.14;;;25.0;13.5;12.0;;;;2.0.0
2026-08-16;Australia_VictoriaPremierLeague;Western Utd. U21;Langwarrin;67.88;MEDIA-ALTA;27;2026-08-16;Australia_VictoriaPremierLeague;Australia_VictoriaPremierLeague;;Ranking gap: 0.042 | Attacco casa: 2.00/gara | Difesa trasferta subisce: 2.30/gara | Over25 casa ultime10: 0.90 | Over25 trasferta ultime10: 0.70;0.84;20.0;;;23.04;13.5;10.5;;;;2.0.0
2026-08-16;Poland_Division2;Pruszkow;Ol. Grudziadz;67.77;MEDIA-ALTA;5;2026-08-16;Poland_Division2;Poland_Division2;;Ranking gap: 0.055 | Attacco casa: 2.33/gara | Difesa trasferta subisce: 2.33/gara | Over25 casa ultime10: 0.67 | Over25 trasferta ultime10: 0.67;1.1;23.33;;;23.33;10.0;10.0;;;;2.0.0
2026-08-16;Norway_3rdDivision_Group5;Fauske Sprint;Finnsnes;67.47;MEDIA-ALTA;18;2026-08-16;Norway_3rdDivision_Group5;Norway_3rdDivision_Group5;;Ranking gap: 0.115 | Attacco casa: 2.73/gara | Difesa trasferta subisce: 1.47/gara | Over25 casa ultime10: 1.00 | Over25 trasferta ultime10: 0.70;2.3;25.0;;;14.67;15.0;10.5;;;;2.0.0
2026-08-16;Norway_2ndDivision_Group2;Ull/Kisa;Trygg/Lade;67.43;MEDIA-ALTA;18;2026-08-16;Norway_2ndDivision_Group2;Norway_2ndDivision_Group2;;Ranking gap: 0.030 | Attacco casa: 1.33/gara | Difesa trasferta subisce: 2.53/gara | Over25 casa ultime10: 1.00 | Over25 trasferta ultime10: 0.90;0.6;13.33;;;25.0;15.0;13.5;;;;2.0.0
2026-08-16;Peru_Liga1_Clausura;A. Lima;Cajamarca;67.18;MEDIA-ALTA;5;2026-08-16;Peru_Liga1_Clausura;Peru_Liga1_Clausura;;Ranking gap: 0.109 | Attacco casa: 2.00/gara | Difesa trasferta subisce: 2.67/gara | Over25 casa ultime10: 0.67 | Over25 trasferta ultime10: 0.67;2.18;20.0;;;25.0;10.0;10.0;;;;2.0.0
2026-08-16;Iceland_BestaDeildKarla;KR Reykjavik;Breidablik;67.05;MEDIA-ALTA;25;2026-08-16;Iceland_BestaDeildKarla;Iceland_BestaDeildKarla;;Ranking gap: 0.144 | Attacco casa: 3.56/gara | Difesa trasferta subisce: 1.67/gara | Over25 casa ultime10: 0.80 | Over25 trasferta ultime10: 0.70;2.88;25.0;;;16.67;12.0;10.5;;;;2.0.0
2026-08-16;Norway_3rdDivision_Group4;Odd 2;Hinna;66.93;MEDIA-ALTA;19;2026-08-16;Norway_3rdDivision_Group4;Norway_3rdDivision_Group4;;Ranking gap: 0.055 | Attacco casa: 1.53/gara | Difesa trasferta subisce: 3.07/gara | Over25 casa ultime10: 0.90 | Over25 trasferta ultime10: 0.80;1.1;15.33;;;25.0;13.5;12.0;;;;2.0.0
2026-08-16;Estonia_EsiliigaB;Tulevik;Levadia U19;66.9;MEDIA-ALTA;24;2026-08-16;Estonia_EsiliigaB;Estonia_EsiliigaB;;Ranking gap: 0.094 | Attacco casa: 2.30/gara | Difesa trasferta subisce: 1.95/gara | Over25 casa ultime10: 0.70 | Over25 trasferta ultime10: 0.80;1.88;23.0;;;19.52;10.5;12.0;;;;2.0.0
2026-08-16;Germany_Oberliga_SchleswigHolstein;Flensburg;Kilia Kiel;66.87;MEDIA-ALTA;5;2026-08-16;Germany_Oberliga_SchleswigHolstein;Germany_Oberliga_SchleswigHolstein;;Ranking gap: 0.010 | Attacco casa: 4.33/gara | Difesa trasferta subisce: 1.67/gara | Over25 casa ultime10: 1.00 | Over25 trasferta ultime10: 0.67;0.2;25.0;;;16.67;15.0;10.0;;;;2.0.0
2026-08-16;Norway_2ndDivision_Group2;Kjelsås;Junkeren;66.76;MEDIA-ALTA;18;2026-08-16;Norway_2ndDivision_Group2;Norway_2ndDivision_Group2;;Ranking gap: 0.213 | Attacco casa: 2.27/gara | Difesa trasferta subisce: 1.73/gara | Over25 casa ultime10: 0.70 | Over25 trasferta ultime10: 0.80;4.26;22.67;;;17.33;10.5;12.0;;;;2.0.0
2026-08-16;Estonia_EsiliigaB;Tabasalu;Tallinna Kalev U21;66.74;MEDIA-ALTA;24;2026-08-16;Estonia_EsiliigaB;Estonia_EsiliigaB;;Ranking gap: 0.074 | Attacco casa: 1.50/gara | Difesa trasferta subisce: 2.48/gara | Over25 casa ultime10: 0.80 | Over25 trasferta ultime10: 0.90;1.48;15.0;;;24.76;12.0;13.5;;;;2.0.0
2026-08-16;USA_MLS;Orlando City;Cincinnati;66.43;MEDIA-ALTA;21;2026-08-16;USA_MLS;USA_MLS;;Ranking gap: 0.066 | Attacco casa: 1.67/gara | Difesa trasferta subisce: 2.44/gara | Over25 casa ultime10: 0.70 | Over25 trasferta ultime10: 0.90;1.32;16.67;;;24.44;10.5;13.5;;;;2.0.0
2026-08-16;Australia_NPLQueenslandU23;QLD State Team U17;Gold Coast Knights U23;66.38;MEDIA-ALTA;24;2026-08-16;Australia_NPLQueenslandU23;Australia_NPLQueenslandU23;;Ranking gap: 0.238 | Attacco casa: 2.05/gara | Difesa trasferta subisce: 1.71/gara | Over25 casa ultime10: 0.80 | Over25 trasferta ultime10: 0.80;4.76;20.48;;;17.14;12.0;12.0;;;;2.0.0
2026-08-16;Australia_NPLQueenslandU23;Wynnum Wolves U23;Magic United U23;65.63;MEDIA-ALTA;24;2026-08-16;Australia_NPLQueenslandU23;Australia_NPLQueenslandU23;;Ranking gap: 0.141 | Attacco casa: 1.38/gara | Difesa trasferta subisce: 3.24/gara | Over25 casa ultime10: 0.80 | Over25 trasferta ultime10: 0.80;2.82;13.81;;;25.0;12.0;12.0;;;;2.0.0
2026-08-16;Australia_NPL_NSW_U20;Blacktown City U20;UNSW U20;65.26;MEDIA-ALTA;30;2026-08-16;Australia_NPL_NSW_U20;Australia_NPL_NSW_U20;;Ranking gap: 0.074 | Attacco casa: 1.78/gara | Difesa trasferta subisce: 2.56/gara | Over25 casa ultime10: 0.60 | Over25 trasferta ultime10: 0.80;1.48;17.78;;;25.0;9.0;12.0;;;;2.0.0
2026-08-16;Armenia_PremierLeague;Pyunik;Sardarapat;65.2;MEDIA-ALTA;4;2026-08-16;Armenia_PremierLeague;Armenia_PremierLeague;;Ranking gap: 0.010 | Attacco casa: 2.50/gara | Difesa trasferta subisce: 1.00/gara | Over25 casa ultime10: 1.00 | Over25 trasferta ultime10: 1.00;0.2;25.0;;;10.0;15.0;15.0;;;;2.0.0
2026-08-16;Australia_NPLQueenslandU23;Olympic FC U23;Rochedale U23;64.71;MEDIA-ALTA;24;2026-08-16;Australia_NPLQueenslandU23;Australia_NPLQueenslandU23;;Ranking gap: 0.457 | Attacco casa: 1.62/gara | Difesa trasferta subisce: 1.24/gara | Over25 casa ultime10: 1.00 | Over25 trasferta ultime10: 0.80;9.14;16.19;;;12.38;15.0;12.0;;;;2.0.0
2026-08-16;Australia_NPLQueenslandU23;Peninsula U23;Brisbane City U23;64.7;MEDIA-ALTA;24;2026-08-16;Australia_NPLQueenslandU23;Australia_NPLQueenslandU23;;Ranking gap: 0.078 | Attacco casa: 1.71/gara | Difesa trasferta subisce: 2.57/gara | Over25 casa ultime10: 0.70 | Over25 trasferta ultime10: 0.70;1.56;17.14;;;25.0;10.5;10.5;;;;2.0.0
2026-08-16;Sweden_Division2_Norrland;IFK Ostersund;Lucksta;64.54;MEDIA-ALTA;20;2026-08-16;Sweden_Division2_Norrland;Sweden_Division2_Norrland;;Ranking gap: 0.027 | Attacco casa: 1.81/gara | Difesa trasferta subisce: 2.19/gara | Over25 casa ultime10: 0.60 | Over25 trasferta ultime10: 1.00;0.54;18.12;;;21.88;9.0;15.0;;;;2.0.0
2026-08-16;SouthKorea_KLeague2;Seoul E-Land;Ansan Greeners;64.28;MEDIA-ALTA;23;2026-08-16;SouthKorea_KLeague2;SouthKorea_KLeague2;;Ranking gap: 0.264 | Attacco casa: 1.80/gara | Difesa trasferta subisce: 1.85/gara | Over25 casa ultime10: 0.80 | Over25 trasferta ultime10: 0.70;5.28;18.0;;;18.5;12.0;10.5;;;;2.0.0
2026-08-16;Finland_Kolmonen_Southern_Group1;EPS Reservi;Pöxyt;64.24;MEDIA-ALTA;18;2026-08-16;Finland_Kolmonen_Southern_Group1;Finland_Kolmonen_Southern_Group1;;Ranking gap: 0.262 | Attacco casa: 1.43/gara | Difesa trasferta subisce: 2.07/gara | Over25 casa ultime10: 0.70 | Over25 trasferta ultime10: 0.90;5.24;14.29;;;20.71;10.5;13.5;;;;2.0.0
2026-08-16;Norway_OBOSLigaen;Hodd;Strømmen;64.13;MEDIA-ALTA;19;2026-08-16;Norway_OBOSLigaen;Norway_OBOSLigaen;;Ranking gap: 0.202 | Attacco casa: 1.65/gara | Difesa trasferta subisce: 2.41/gara | Over25 casa ultime10: 0.80 | Over25 trasferta ultime10: 0.50;4.04;16.47;;;24.12;12.0;7.5;;;;2.0.0
2026-08-16;Sweden_Division2_NorraSvealand;Enskede;Korsnas;63.86;MEDIA-ALTA;18;2026-08-16;Sweden_Division2_NorraSvealand;Sweden_Division2_NorraSvealand;;Ranking gap: 0.249 | Attacco casa: 1.56/gara | Difesa trasferta subisce: 2.38/gara | Over25 casa ultime10: 0.60 | Over25 trasferta ultime10: 0.70;4.98;15.62;;;23.75;9.0;10.5;;;;2.0.0
2026-08-16;Mexico_LigaExpansionMX_Apertura;Dorados;Tlaxcala;63.82;MEDIA-ALTA;5;2026-08-16;Mexico_LigaExpansionMX_Apertura;Mexico_LigaExpansionMX_Apertura;;Ranking gap: 0.066 | Attacco casa: 2.00/gara | Difesa trasferta subisce: 3.00/gara | Over25 casa ultime10: 0.50 | Over25 trasferta ultime10: 0.67;1.32;20.0;;;25.0;7.5;10.0;;;;2.0.0
2026-08-16;Bulgaria_ParvaLiga;CSKA Sofia;Botev Vratsa;63.76;MEDIA-ALTA;6;2026-08-16;Bulgaria_ParvaLiga;Bulgaria_ParvaLiga;;Ranking gap: 0.063 | Attacco casa: 2.00/gara | Difesa trasferta subisce: 2.00/gara | Over25 casa ultime10: 0.75 | Over25 trasferta ultime10: 0.75;1.26;20.0;;;20.0;11.25;11.25;;;;2.0.0
2026-08-16;Sweden_Division1_Sodra;Atvidaberg;Skövde;63.42;MEDIA-ALTA;20;2026-08-16;Sweden_Division1_Sodra;Sweden_Division1_Sodra;;Ranking gap: 0.221 | Attacco casa: 2.00/gara | Difesa trasferta subisce: 1.50/gara | Over25 casa ultime10: 0.90 | Over25 trasferta ultime10: 0.70;4.42;20.0;;;15.0;13.5;10.5;;;;2.0.0
2026-08-16;Sweden_Division1_Sodra;Trelleborg;Eskilsminne;63.0;MEDIA-ALTA;20;2026-08-16;Sweden_Division1_Sodra;Sweden_Division1_Sodra;;Ranking gap: 0.212 | Attacco casa: 2.18/gara | Difesa trasferta subisce: 1.75/gara | Over25 casa ultime10: 0.60 | Over25 trasferta ultime10: 0.70;4.24;21.76;;;17.5;9.0;10.5;;;;2.0.0
2026-08-16;Norway_3rdDivision_Group1;Vålerenga 2;Ready;62.9;MEDIA-ALTA;20;2026-08-16;Norway_3rdDivision_Group1;Norway_3rdDivision_Group1;;Ranking gap: 0.024 | Attacco casa: 2.38/gara | Difesa trasferta subisce: 1.47/gara | Over25 casa ultime10: 0.90 | Over25 trasferta ultime10: 0.70;0.48;23.75;;;14.67;13.5;10.5;;;;2.0.0
2026-08-16;FaroeIslands_PremierLeague;HB Torshavn;Toftir;62.71;MEDIA-ALTA;23;2026-08-16;FaroeIslands_PremierLeague;FaroeIslands_PremierLeague;;Ranking gap: 0.281 | Attacco casa: 1.88/gara | Difesa trasferta subisce: 2.18/gara | Over25 casa ultime10: 0.70 | Over25 trasferta ultime10: 0.40;5.62;18.82;;;21.76;10.5;6.0;;;;2.0.0
2026-08-16;Finland_Veikkausliiga;HJK;Jaro;62.52;MEDIA-ALTA;22;2026-08-16;Finland_Veikkausliiga;Finland_Veikkausliiga;;Ranking gap: 0.388 | Attacco casa: 1.53/gara | Difesa trasferta subisce: 2.00/gara | Over25 casa ultime10: 0.60 | Over25 trasferta ultime10: 0.70;7.76;15.26;;;20.0;9.0;10.5;;;;2.0.0
2026-08-16;Hungary_NBI;Puskas Academy;Paks;62.09;MEDIA-ALTA;5;2026-08-16;Hungary_NBI;Hungary_NBI;;Ranking gap: 0.021 | Attacco casa: 1.67/gara | Difesa trasferta subisce: 3.00/gara | Over25 casa ultime10: 0.33 | Over25 trasferta ultime10: 1.00;0.42;16.67;;;25.0;5.0;15.0;;;;2.0.0
2026-08-16;Norway_Eliteserien;Brann;HamKam;62.06;MEDIA-ALTA;26;2026-08-16;Norway_Eliteserien;Norway_Eliteserien;;Ranking gap: 0.028 | Attacco casa: 2.06/gara | Difesa trasferta subisce: 1.69/gara | Over25 casa ultime10: 1.00 | Over25 trasferta ultime10: 0.60;0.56;20.62;;;16.88;15.0;9.0;;;;2.0.0
2026-08-16;Mexico_LigaMX_Apertura;U.N.A.M.;Queretaro;61.91;MEDIA-ALTA;4;2026-08-16;Mexico_LigaMX_Apertura;Mexico_LigaMX_Apertura;;Ranking gap: 0.012 | Attacco casa: 2.33/gara | Difesa trasferta subisce: 1.33/gara | Over25 casa ultime10: 1.00 | Over25 trasferta ultime10: 0.67;0.24;23.33;;;13.33;15.0;10.0;;;;2.0.0
2026-08-16;Germany_Regionalliga_Nord;Schoningen;Todesfelde;61.85;MEDIA-ALTA;5;2026-08-16;Germany_Regionalliga_Nord;Germany_Regionalliga_Nord;;Ranking gap: 0.009 | Attacco casa: 1.67/gara | Difesa trasferta subisce: 3.00/gara | Over25 casa ultime10: 0.33 | Over25 trasferta ultime10: 1.00;0.18;16.67;;;25.0;5.0;15.0;;;;2.0.0
2026-08-16;Finland_Kakkonen_GroupC;JBK;TP-47;61.84;MEDIA-ALTA;19;2026-08-16;Finland_Kakkonen_GroupC;Finland_Kakkonen_GroupC;;Ranking gap: 0.211 | Attacco casa: 2.00/gara | Difesa trasferta subisce: 1.81/gara | Over25 casa ultime10: 0.70 | Over25 trasferta ultime10: 0.60;4.22;20.0;;;18.12;10.5;9.0;;;;2.0.0
2026-08-16;Sweden_Division2_SodraGotaland;Linero IF;Rappe GOIF;61.45;MEDIA-ALTA;21;2026-08-16;Sweden_Division2_SodraGotaland;Sweden_Division2_SodraGotaland;;Ranking gap: 0.210 | Attacco casa: 1.75/gara | Difesa trasferta subisce: 1.88/gara | Over25 casa ultime10: 0.80 | Over25 trasferta ultime10: 0.60;4.2;17.5;;;18.75;12.0;9.0;;;;2.0.0
2026-08-16;Australia_NPLVictoria;Preston Lions;Dandenong Thunder;61.15;MEDIA-ALTA;27;2026-08-16;Australia_NPLVictoria;Australia_NPLVictoria;;Ranking gap: 0.449 | Attacco casa: 1.50/gara | Difesa trasferta subisce: 2.22/gara | Over25 casa ultime10: 0.30 | Over25 trasferta ultime10: 0.70;8.98;15.0;;;22.17;4.5;10.5;;;;2.0.0
2026-08-16;Finland_Ykkonen;Inter Turku 2;KPV;60.79;MEDIA-ALTA;23;2026-08-16;Finland_Ykkonen;Finland_Ykkonen;;Ranking gap: 0.100 | Attacco casa: 1.58/gara | Difesa trasferta subisce: 3.05/gara | Over25 casa ultime10: 0.40 | Over25 trasferta ultime10: 0.80;2.0;15.79;;;25.0;6.0;12.0;;;;2.0.0
2026-08-16;Germany_Regionalliga_Nord;Hannover II;Delmenhorst;60.66;MEDIA-ALTA;5;2026-08-16;Germany_Regionalliga_Nord;Germany_Regionalliga_Nord;;Ranking gap: 0.033 | Attacco casa: 2.33/gara | Difesa trasferta subisce: 1.67/gara | Over25 casa ultime10: 0.67 | Over25 trasferta ultime10: 0.67;0.66;23.33;;;16.67;10.0;10.0;;;;2.0.0
2026-08-16;FaroeIslands_PremierLeague;Runavik;Streymur;60.6;MEDIA-ALTA;23;2026-08-16;FaroeIslands_PremierLeague;FaroeIslands_PremierLeague;;Ranking gap: 0.305 | Attacco casa: 1.94/gara | Difesa trasferta subisce: 1.56/gara | Over25 casa ultime10: 0.70 | Over25 trasferta ultime10: 0.60;6.1;19.44;;;15.56;10.5;9.0;;;;2.0.0
2026-08-16;Russia_PremierLeague;Zenit;Din. Mosca;60.54;MEDIA-ALTA;5;2026-08-16;Russia_PremierLeague;Russia_PremierLeague;;Ranking gap: 0.027 | Attacco casa: 3.00/gara | Difesa trasferta subisce: 1.00/gara | Over25 casa ultime10: 1.00 | Over25 trasferta ultime10: 0.67;0.54;25.0;;;10.0;15.0;10.0;;;;2.0.0
2026-08-16;Mexico_LigaMX_Apertura;Monterrey;Juarez;60.33;MEDIA-ALTA;4;2026-08-16;Mexico_LigaMX_Apertura;Mexico_LigaMX_Apertura;;Ranking gap: 0.100 | Attacco casa: 2.00/gara | Difesa trasferta subisce: 2.33/gara | Over25 casa ultime10: 0.67 | Over25 trasferta ultime10: 0.33;2.0;20.0;;;23.33;10.0;5.0;;;;2.0.0
2026-08-16;Finland_Ykkonen;KuPS Akatemia;Keski-Uusimaa;60.25;MEDIA-ALTA;23;2026-08-16;Finland_Ykkonen;Finland_Ykkonen;;Ranking gap: 0.414 | Attacco casa: 1.58/gara | Difesa trasferta subisce: 1.37/gara | Over25 casa ultime10: 0.90 | Over25 trasferta ultime10: 0.60;8.28;15.79;;;13.68;13.5;9.0;;;;2.0.0
2026-08-16;Australia_NPLQueenslandU23;Moreton City Excelsior U23;Queensland Lions U23;60.22;MEDIA-ALTA;24;2026-08-16;Australia_NPLQueenslandU23;Australia_NPLQueenslandU23;;Ranking gap: 0.061 | Attacco casa: 2.71/gara | Difesa trasferta subisce: 1.00/gara | Over25 casa ultime10: 0.90 | Over25 trasferta ultime10: 0.70;1.22;25.0;;;10.0;13.5;10.5;;;;2.0.0
2026-08-16;Australia_NPL_NSW_U20;Marconi S. U20;Sutherland U20;60.15;MEDIA-ALTA;30;2026-08-16;Australia_NPL_NSW_U20;Australia_NPL_NSW_U20;;Ranking gap: 0.123 | Attacco casa: 1.78/gara | Difesa trasferta subisce: 1.74/gara | Over25 casa ultime10: 0.60 | Over25 trasferta ultime10: 0.90;2.46;17.78;;;17.41;9.0;13.5;;;;2.0.0
2026-08-16;Norway_OBOSLigaen;Raufoss;Åsane;60.11;MEDIA-ALTA;19;2026-08-16;Norway_OBOSLigaen;Norway_OBOSLigaen;;Ranking gap: 0.041 | Attacco casa: 1.24/gara | Difesa trasferta subisce: 2.29/gara | Over25 casa ultime10: 0.80 | Over25 trasferta ultime10: 0.80;0.82;12.35;;;22.94;12.0;12.0;;;;2.0.0
2026-08-16;Australia_NPLACT;Belconnen Utd.;Canberra Olympic;59.96;MEDIA;25;2026-08-16;Australia_NPLACT;Australia_NPLACT;;Ranking gap: 0.173 | Attacco casa: 1.20/gara | Difesa trasferta subisce: 2.80/gara | Over25 casa ultime10: 0.40 | Over25 trasferta ultime10: 0.90;3.46;12.0;;;25.0;6.0;13.5;;;;2.0.0
2026-08-16;Norway_3rdDivision_Group5;Strømsgodset 2;Skedsmo;59.81;MEDIA;18;2026-08-16;Norway_3rdDivision_Group5;Norway_3rdDivision_Group5;;Ranking gap: 0.222 | Attacco casa: 2.00/gara | Difesa trasferta subisce: 1.44/gara | Over25 casa ultime10: 0.90 | Over25 trasferta ultime10: 0.50;4.44;20.0;;;14.37;13.5;7.5;;;;2.0.0
2026-08-16;Mexico_LigaMX_Apertura;Atlas;Tigres;59.77;MEDIA;4;2026-08-16;Mexico_LigaMX_Apertura;Mexico_LigaMX_Apertura;;Ranking gap: 0.072 | Attacco casa: 1.33/gara | Difesa trasferta subisce: 2.67/gara | Over25 casa ultime10: 0.33 | Over25 trasferta ultime10: 1.00;1.44;13.33;;;25.0;5.0;15.0;;;;2.0.0
2026-08-16;Australia_NPLNorthernNSW;Kahibah;Cooks Hill United;59.66;MEDIA;25;2026-08-16;Australia_NPLNorthernNSW;Australia_NPLNorthernNSW;;Ranking gap: 0.263 | Attacco casa: 1.57/gara | Difesa trasferta subisce: 1.62/gara | Over25 casa ultime10: 0.90 | Over25 trasferta ultime10: 0.60;5.26;15.71;;;16.19;13.5;9.0;;;;2.0.0
2026-08-16;CzechRepublic_3MSFL;Polanka nad Odrou;Vitkovice;59.16;MEDIA;4;2026-08-16;CzechRepublic_3MSFL;CzechRepublic_3MSFL;;Ranking gap: 0.708 | Attacco casa: 0.50/gara | Difesa trasferta subisce: 2.50/gara | Over25 casa ultime10: 0.50 | Over25 trasferta ultime10: 0.50;14.16;5.0;;;25.0;7.5;7.5;;;;2.0.0
2026-08-16;Australia_NPLACT;Canberra Juventus;Queanbeyan City;59.02;MEDIA;25;2026-08-16;Australia_NPLACT;Australia_NPLACT;;Ranking gap: 0.076 | Attacco casa: 2.00/gara | Difesa trasferta subisce: 1.50/gara | Over25 casa ultime10: 0.60 | Over25 trasferta ultime10: 0.90;1.52;20.0;;;15.0;9.0;13.5;;;;2.0.0
2026-08-16;Poland_Division2;Hutnik Krakow;Legia II;58.99;MEDIA;5;2026-08-16;Poland_Division2;Poland_Division2;;Ranking gap: 0.033 | Attacco casa: 2.67/gara | Difesa trasferta subisce: 1.33/gara | Over25 casa ultime10: 0.67 | Over25 trasferta ultime10: 0.67;0.66;25.0;;;13.33;10.0;10.0;;;;2.0.0
2026-08-16;Estonia_Meistriliiga;Flora;Kuressaare;58.95;MEDIA;26;2026-08-16;Estonia_Meistriliiga;Estonia_Meistriliiga;;Ranking gap: 0.243 | Attacco casa: 2.00/gara | Difesa trasferta subisce: 1.61/gara | Over25 casa ultime10: 0.80 | Over25 trasferta ultime10: 0.40;4.86;20.0;;;16.09;12.0;6.0;;;;2.0.0
2026-08-16;USA_MLS;Colorado Rapids;Sporting Kansas City;58.88;MEDIA;21;2026-08-16;USA_MLS;USA_MLS;;Ranking gap: 0.091 | Attacco casa: 1.56/gara | Difesa trasferta subisce: 2.56/gara | Over25 casa ultime10: 0.30 | Over25 trasferta ultime10: 0.80;1.82;15.56;;;25.0;4.5;12.0;;;;2.0.0
2026-08-16;Sweden_Allsvenskan;Djurgarden;AIK Stockholm;58.78;MEDIA;23;2026-08-16;Sweden_Allsvenskan;Sweden_Allsvenskan;;Ranking gap: 0.039 | Attacco casa: 2.20/gara | Difesa trasferta subisce: 1.50/gara | Over25 casa ultime10: 0.70 | Over25 trasferta ultime10: 0.70;0.78;22.0;;;15.0;10.5;10.5;;;;2.0.0
2026-08-16;Poland_Ekstraklasa;Motor Lublin;Katowice;58.71;MEDIA;5;2026-08-16;Poland_Ekstraklasa;Poland_Ekstraklasa;;Ranking gap: 0.019 | Attacco casa: 1.33/gara | Difesa trasferta subisce: 1.50/gara | Over25 casa ultime10: 1.00 | Over25 trasferta ultime10: 1.00;0.38;13.33;;;15.0;15.0;15.0;;;;2.0.0
2026-08-16;Finland_Ykkonen;VJS;JJK Jyvaskyla;58.57;MEDIA;23;2026-08-16;Finland_Ykkonen;Finland_Ykkonen;;Ranking gap: 0.089 | Attacco casa: 1.74/gara | Difesa trasferta subisce: 1.84/gara | Over25 casa ultime10: 0.60 | Over25 trasferta ultime10: 0.80;1.78;17.37;;;18.42;9.0;12.0;;;;2.0.0
2026-08-16;Serbia_SuperLiga;Partizan;Radnicki 1923;58.57;MEDIA;6;2026-08-16;Serbia_SuperLiga;Serbia_SuperLiga;;Ranking gap: 0.012 | Attacco casa: 2.00/gara | Difesa trasferta subisce: 1.33/gara | Over25 casa ultime10: 1.00 | Over25 trasferta ultime10: 0.67;0.24;20.0;;;13.33;15.0;10.0;;;;2.0.0
2026-08-16;Sweden_Division2_NorraSvealand;Sunnersta AIF;Taby;58.54;MEDIA;18;2026-08-16;Sweden_Division2_NorraSvealand;Sweden_Division2_NorraSvealand;;Ranking gap: 0.127 | Attacco casa: 2.67/gara | Difesa trasferta subisce: 1.00/gara | Over25 casa ultime10: 0.70 | Over25 trasferta ultime10: 0.70;2.54;25.0;;;10.0;10.5;10.5;;;;2.0.0
2026-08-16;Germany_Regionalliga_Nord;St. Pauli II;Brema II;58.45;MEDIA;5;2026-08-16;Germany_Regionalliga_Nord;Germany_Regionalliga_Nord;;Ranking gap: 0.006 | Attacco casa: 1.33/gara | Difesa trasferta subisce: 3.00/gara | Over25 casa ultime10: 0.33 | Over25 trasferta ultime10: 1.00;0.12;13.33;;;25.0;5.0;15.0;;;;2.0.0
2026-08-16;Belarus_PershayaLiga;Din. Minsk 2;Minsk 2;58.07;MEDIA;22;2026-08-16;Belarus_PershayaLiga;Belarus_PershayaLiga;;Ranking gap: 0.017 | Attacco casa: 1.78/gara | Difesa trasferta subisce: 1.89/gara | Over25 casa ultime10: 0.70 | Over25 trasferta ultime10: 0.70;0.34;17.78;;;18.95;10.5;10.5;;;;2.0.0
2026-08-16;Austria_Bundesliga;SK Rapid;Grazer;57.96;MEDIA;4;2026-08-16;Austria_Bundesliga;Austria_Bundesliga;;Ranking gap: 0.023 | Attacco casa: 1.50/gara | Difesa trasferta subisce: 2.00/gara | Over25 casa ultime10: 0.50 | Over25 trasferta ultime10: 1.00;0.46;15.0;;;20.0;7.5;15.0;;;;2.0.0
2026-08-16;Germany_Oberliga_Hamburg;HEBC Hamburg;HT 16;57.82;MEDIA;4;2026-08-16;Germany_Oberliga_Hamburg;Germany_Oberliga_Hamburg;;Ranking gap: 0.016 | Attacco casa: 1.00/gara | Difesa trasferta subisce: 3.50/gara | Over25 casa ultime10: 0.50 | Over25 trasferta ultime10: 1.00;0.32;10.0;;;25.0;7.5;15.0;;;;2.0.0
2026-08-16;Germany_Oberliga_Hamburg;Pinneberg;Tesla Hamburg;57.7;MEDIA;4;2026-08-16;Germany_Oberliga_Hamburg;Germany_Oberliga_Hamburg;;Ranking gap: 0.010 | Attacco casa: 4.00/gara | Difesa trasferta subisce: 1.00/gara | Over25 casa ultime10: 1.00 | Over25 trasferta ultime10: 0.50;0.2;25.0;;;10.0;15.0;7.5;;;;2.0.0
2026-08-16;Iceland_BestaDeildKarla;Vestmannaeyjar;Akranes;57.65;MEDIA;25;2026-08-16;Iceland_BestaDeildKarla;Iceland_BestaDeildKarla;;Ranking gap: 0.102 | Attacco casa: 1.61/gara | Difesa trasferta subisce: 2.00/gara | Over25 casa ultime10: 0.70 | Over25 trasferta ultime10: 0.60;2.04;16.11;;;20.0;10.5;9.0;;;;2.0.0
2026-08-16;Russia_FNL;Sochi;Ulyanovsk;57.14;MEDIA;7;2026-08-16;Russia_FNL;Russia_FNL;;Ranking gap: 0.007 | Attacco casa: 2.00/gara | Difesa trasferta subisce: 1.60/gara | Over25 casa ultime10: 0.80 | Over25 trasferta ultime10: 0.60;0.14;20.0;;;16.0;12.0;9.0;;;;2.0.0
2026-08-16;Norway_OBOSLigaen;Sogndal;Sandnes;57.09;MEDIA;19;2026-08-16;Norway_OBOSLigaen;Norway_OBOSLigaen;;Ranking gap: 0.056 | Attacco casa: 1.76/gara | Difesa trasferta subisce: 1.88/gara | Over25 casa ultime10: 0.80 | Over25 trasferta ultime10: 0.50;1.12;17.65;;;18.82;12.0;7.5;;;;2.0.0
2026-08-16;Bolivia_DivisionProfesional;Nacional Potosi;Academia del Balompie;56.71;MEDIA;20;2026-08-16;Bolivia_DivisionProfesional;Bolivia_DivisionProfesional;;Ranking gap: 0.071 | Attacco casa: 1.43/gara | Difesa trasferta subisce: 2.00/gara | Over25 casa ultime10: 0.60 | Over25 trasferta ultime10: 0.80;1.42;14.29;;;20.0;9.0;12.0;;;;2.0.0
2026-08-16;Norway_2ndDivision_Group1;Sotra;Traeff;56.22;MEDIA;16;2026-08-16;Norway_2ndDivision_Group1;Norway_2ndDivision_Group1;;Ranking gap: 0.061 | Attacco casa: 1.87/gara | Difesa trasferta subisce: 1.53/gara | Over25 casa ultime10: 0.70 | Over25 trasferta ultime10: 0.70;1.22;18.67;;;15.33;10.5;10.5;;;;2.0.0
2026-08-16;Australia_NSWLeagueOne;Central Coast Mariners U23;Hurstville Zagreb;56.15;MEDIA;31;2026-08-16;Australia_NSWLeagueOne;Australia_NSWLeagueOne;;Ranking gap: 0.128 | Attacco casa: 1.59/gara | Difesa trasferta subisce: 1.67/gara | Over25 casa ultime10: 0.70 | Over25 trasferta ultime10: 0.70;2.56;15.93;;;16.67;10.5;10.5;;;;2.0.0
2026-08-16;Sweden_Division2_SodraSvealand;Fittja;Ragsved;56.14;MEDIA;18;2026-08-16;Sweden_Division2_SodraSvealand;Sweden_Division2_SodraSvealand;;Ranking gap: 0.038 | Attacco casa: 1.88/gara | Difesa trasferta subisce: 1.56/gara | Over25 casa ultime10: 0.70 | Over25 trasferta ultime10: 0.70;0.76;18.75;;;15.62;10.5;10.5;;;;2.0.0
2026-08-16;Australia_NPLQueenslandU23;Gold Coast Blaze U23;Eastern Suburbs U23;56.13;MEDIA;24;2026-08-16;Australia_NPLQueenslandU23;Australia_NPLQueenslandU23;;Ranking gap: 0.097 | Attacco casa: 2.29/gara | Difesa trasferta subisce: 1.33/gara | Over25 casa ultime10: 0.60 | Over25 trasferta ultime10: 0.60;1.94;22.86;;;13.33;9.0;9.0;;;;2.0.0
2026-08-16;Finland_Kakkonen_GroupA;Lahden Reipas;PEPO;56.12;MEDIA;18;2026-08-16;Finland_Kakkonen_GroupA;Finland_Kakkonen_GroupA;;Ranking gap: 0.231 | Attacco casa: 2.13/gara | Difesa trasferta subisce: 1.07/gara | Over25 casa ultime10: 0.80 | Over25 trasferta ultime10: 0.50;4.62;21.33;;;10.67;12.0;7.5;;;;2.0.0
2026-08-16;Sweden_Allsvenskan;Brommapojkarna;Orgryte;55.98;MEDIA;23;2026-08-16;Sweden_Allsvenskan;Sweden_Allsvenskan;;Ranking gap: 0.055 | Attacco casa: 1.38/gara | Difesa trasferta subisce: 2.31/gara | Over25 casa ultime10: 0.60 | Over25 trasferta ultime10: 0.60;1.1;13.75;;;23.12;9.0;9.0;;;;2.0.0
2026-08-16;USA_MLS;Nashville SC;Inter Miami;55.92;MEDIA;21;2026-08-16;USA_MLS;USA_MLS;;Ranking gap: 0.007 | Attacco casa: 2.00/gara | Difesa trasferta subisce: 1.78/gara | Over25 casa ultime10: 0.60 | Over25 trasferta ultime10: 0.60;0.14;20.0;;;17.78;9.0;9.0;;;;2.0.0
2026-08-16;Kyrgyzstan_PremierLiga;Asia Talas;Bishkek City;55.89;MEDIA;23;2026-08-16;Kyrgyzstan_PremierLiga;Kyrgyzstan_PremierLiga;;Ranking gap: 0.217 | Attacco casa: 2.21/gara | Difesa trasferta subisce: 1.29/gara | Over25 casa ultime10: 0.70 | Over25 trasferta ultime10: 0.40;4.34;22.11;;;12.94;10.5;6.0;;;;2.0.0
2026-08-16;USA_MLSNextPro_WesternConference_PacificDivision;Austin FC II;Vancouver 2;55.81;MEDIA;26;2026-08-16;USA_MLSNextPro_WesternConference_PacificDivision;USA_MLSNextPro_WesternConference_PacificDivision;;Ranking gap: 0.092 | Attacco casa: 1.75/gara | Difesa trasferta subisce: 2.22/gara | Over25 casa ultime10: 0.25 | Over25 trasferta ultime10: 0.70;1.84;17.5;;;22.22;3.75;10.5;;;;2.0.0
2026-08-16;Norway_2ndDivision_Group2;Stjordals Blink;Honefoss;55.8;MEDIA;18;2026-08-16;Norway_2ndDivision_Group2;Norway_2ndDivision_Group2;;Ranking gap: 0.165 | Attacco casa: 1.67/gara | Difesa trasferta subisce: 1.33/gara | Over25 casa ultime10: 0.60 | Over25 trasferta ultime10: 0.90;3.3;16.67;;;13.33;9.0;13.5;;;;2.0.0
2026-08-16;Australia_NPL_NSW_U20;Rockdale Ilinden U20;Wollongong Wolves U20;55.26;MEDIA;30;2026-08-16;Australia_NPL_NSW_U20;Australia_NPL_NSW_U20;;Ranking gap: 0.177 | Attacco casa: 1.30/gara | Difesa trasferta subisce: 1.93/gara | Over25 casa ultime10: 0.80 | Over25 trasferta ultime10: 0.50;3.54;12.96;;;19.26;12.0;7.5;;;;2.0.0
2026-08-16;USA_USLLeagueOne;Greenville;One Knoxville;55.19;MEDIA;30;2026-08-16;USA_USLLeagueOne;USA_USLLeagueOne;;Ranking gap: 0.604 | Attacco casa: 1.11/gara | Difesa trasferta subisce: 1.11/gara | Over25 casa ultime10: 0.60 | Over25 trasferta ultime10: 0.80;12.08;11.05;;;11.05;9.0;12.0;;;;2.0.0
2026-08-16;Norway_Eliteserien;Aalesund;Vålerenga;54.94;MEDIA;26;2026-08-16;Norway_Eliteserien;Norway_Eliteserien;;Ranking gap: 0.103 | Attacco casa: 1.38/gara | Difesa trasferta subisce: 1.81/gara | Over25 casa ultime10: 0.60 | Over25 trasferta ultime10: 0.80;2.06;13.75;;;18.12;9.0;12.0;;;;2.0.0
2026-08-16;Belarus_PershayaLiga;FC Slonim;Smorgon;54.85;MEDIA;22;2026-08-16;Belarus_PershayaLiga;Belarus_PershayaLiga;;Ranking gap: 0.207 | Attacco casa: 1.89/gara | Difesa trasferta subisce: 1.53/gara | Over25 casa ultime10: 0.70 | Over25 trasferta ultime10: 0.40;4.14;18.95;;;15.26;10.5;6.0;;;;2.0.0
2026-08-16;Norway_2ndDivision_Group2;Grorud;Tromsdalen;54.78;MEDIA;18;2026-08-16;Norway_2ndDivision_Group2;Norway_2ndDivision_Group2;;Ranking gap: 0.052 | Attacco casa: 1.60/gara | Difesa trasferta subisce: 1.82/gara | Over25 casa ultime10: 0.60 | Over25 trasferta ultime10: 0.70;1.04;16.0;;;18.24;9.0;10.5;;;;2.0.0
2026-08-16;USA_MLSNextPro_EasternConference_NortheastDivision;Columbus Crew 2;New York City II;54.66;MEDIA;26;2026-08-16;USA_MLSNextPro_EasternConference_NortheastDivision;USA_MLSNextPro_EasternConference_NortheastDivision;;Ranking gap: 0.102 | Attacco casa: 1.81/gara | Difesa trasferta subisce: 1.50/gara | Over25 casa ultime10: 0.70 | Over25 trasferta ultime10: 0.60;2.04;18.12;;;15.0;10.5;9.0;;;;2.0.0
2026-08-16;Denmark_Superliga;Lyngby;Midtjylland;54.23;MEDIA;5;2026-08-16;Denmark_Superliga;Denmark_Superliga;;Ranking gap: 0.045 | Attacco casa: 1.33/gara | Difesa trasferta subisce: 1.50/gara | Over25 casa ultime10: 0.67 | Over25 trasferta ultime10: 1.00;0.9;13.33;;;15.0;10.0;15.0;;;;2.0.0
2026-08-16;Norway_2ndDivision_Group1;Sandviken;Jerv;54.22;MEDIA;16;2026-08-16;Norway_2ndDivision_Group1;Norway_2ndDivision_Group1;;Ranking gap: 0.311 | Attacco casa: 1.40/gara | Difesa trasferta subisce: 1.00/gara | Over25 casa ultime10: 0.70 | Over25 trasferta ultime10: 0.90;6.22;14.0;;;10.0;10.5;13.5;;;;2.0.0
2026-08-16;Belarus_PershayaLiga;BATE 2;Volna Pinsk;54.16;MEDIA;22;2026-08-16;Belarus_PershayaLiga;Belarus_PershayaLiga;;Ranking gap: 0.241 | Attacco casa: 1.16/gara | Difesa trasferta subisce: 1.53/gara | Over25 casa ultime10: 0.60 | Over25 trasferta ultime10: 0.90;4.82;11.58;;;15.26;9.0;13.5;;;;2.0.0
2026-08-16;Australia_NPLNorthernNSW;Lambton J.;Newcastle Olympic;54.12;MEDIA;25;2026-08-16;Australia_NPLNorthernNSW;Australia_NPLNorthernNSW;;Ranking gap: 0.044 | Attacco casa: 1.71/gara | Difesa trasferta subisce: 1.81/gara | Over25 casa ultime10: 0.60 | Over25 trasferta ultime10: 0.60;0.88;17.14;;;18.1;9.0;9.0;;;;2.0.0
2026-08-16;USA_MLS;Atlanta Utd;New York Red Bulls;54.1;MEDIA;21;2026-08-16;USA_MLS;USA_MLS;;Ranking gap: 0.088 | Attacco casa: 1.12/gara | Difesa trasferta subisce: 2.17/gara | Over25 casa ultime10: 0.70 | Over25 trasferta ultime10: 0.60;1.76;11.18;;;21.67;10.5;9.0;;;;2.0.0
2026-08-16;Mexico_LigaMX_Apertura;Atlante;Toluca;53.81;MEDIA;4;2026-08-16;Mexico_LigaMX_Apertura;Mexico_LigaMX_Apertura;;Ranking gap: 0.024 | Attacco casa: 1.67/gara | Difesa trasferta subisce: 1.67/gara | Over25 casa ultime10: 0.67 | Over25 trasferta ultime10: 0.67;0.48;16.67;;;16.67;10.0;10.0;;;;2.0.0
2026-08-16;USA_USLLeagueOne;New York Cosmos;AV Alta;53.78;MEDIA;30;2026-08-16;USA_USLLeagueOne;USA_USLLeagueOne;;Ranking gap: 0.623 | Attacco casa: 1.00/gara | Difesa trasferta subisce: 1.18/gara | Over25 casa ultime10: 0.70 | Over25 trasferta ultime10: 0.60;12.46;10.0;;;11.82;10.5;9.0;;;;2.0.0
2026-08-16;Australia_NPLNSW;Blacktown City;UNSW;53.33;MEDIA;30;2026-08-16;Australia_NPLNSW;Australia_NPLNSW;;Ranking gap: 0.063 | Attacco casa: 1.43/gara | Difesa trasferta subisce: 1.68/gara | Over25 casa ultime10: 0.60 | Over25 trasferta ultime10: 0.80;1.26;14.29;;;16.79;9.0;12.0;;;;2.0.0
2026-08-16;USA_USLLeagueOne;Westchester SC;FC Naples;53.17;MEDIA;30;2026-08-16;USA_USLLeagueOne;USA_USLLeagueOne;;Ranking gap: 0.281 | Attacco casa: 1.47/gara | Difesa trasferta subisce: 1.63/gara | Over25 casa ultime10: 0.50 | Over25 trasferta ultime10: 0.60;5.62;14.74;;;16.32;7.5;9.0;;;;2.0.0
2026-08-16;USA_MLS;San Jose Earthquakes;St. Louis City;53.01;MEDIA;21;2026-08-16;USA_MLS;USA_MLS;;Ranking gap: 0.056 | Attacco casa: 2.06/gara | Difesa trasferta subisce: 1.33/gara | Over25 casa ultime10: 0.70 | Over25 trasferta ultime10: 0.50;1.12;20.56;;;13.33;10.5;7.5;;;;2.0.0
2026-08-16;Australia_NPLNSW;Rockdale Ilinden;Wollongong Wolves;52.71;MEDIA;30;2026-08-16;Australia_NPLNSW;Australia_NPLNSW;;Ranking gap: 0.259 | Attacco casa: 1.59/gara | Difesa trasferta subisce: 1.52/gara | Over25 casa ultime10: 0.30 | Over25 trasferta ultime10: 0.80;5.18;15.86;;;15.17;4.5;12.0;;;;2.0.0
2026-08-16;Moldova_SuperLiga;Zimbru;Milsami;52.44;MEDIA;9;2026-08-16;Moldova_SuperLiga;Moldova_SuperLiga;;Ranking gap: 0.229 | Attacco casa: 1.86/gara | Difesa trasferta subisce: 1.43/gara | Over25 casa ultime10: 0.57 | Over25 trasferta ultime10: 0.43;4.58;18.57;;;14.29;8.57;6.43;;;;2.0.0
2026-08-16;USA_MLS;Los Angeles FC;San Diego FC;52.25;MEDIA;21;2026-08-16;USA_MLS;USA_MLS;;Ranking gap: 0.093 | Attacco casa: 1.78/gara | Difesa trasferta subisce: 1.61/gara | Over25 casa ultime10: 0.60 | Over25 trasferta ultime10: 0.50;1.86;17.78;;;16.11;9.0;7.5;;;;2.0.0
2026-08-16;Germany_Oberliga_Hessen;Eddersheim;Alzenau;52.17;MEDIA;5;2026-08-16;Germany_Oberliga_Hessen;Germany_Oberliga_Hessen;;Ranking gap: 0.025 | Attacco casa: 2.00/gara | Difesa trasferta subisce: 1.67/gara | Over25 casa ultime10: 0.33 | Over25 trasferta ultime10: 0.67;0.5;20.0;;;16.67;5.0;10.0;;;;2.0.0
2026-08-16;USA_MLS;Charlotte;Columbus Crew;52.11;MEDIA;21;2026-08-16;USA_MLS;USA_MLS;;Ranking gap: 0.047 | Attacco casa: 1.61/gara | Difesa trasferta subisce: 1.56/gara | Over25 casa ultime10: 0.60 | Over25 trasferta ultime10: 0.70;0.94;16.11;;;15.56;9.0;10.5;;;;2.0.0
2026-08-16;Germany_Regionalliga_Nordost;Tasmania Berlin;Lokomotive Leipzig;51.99;MEDIA;7;2026-08-16;Germany_Regionalliga_Nordost;Germany_Regionalliga_Nordost;;Ranking gap: 0.037 | Attacco casa: 0.75/gara | Difesa trasferta subisce: 1.75/gara | Over25 casa ultime10: 0.75 | Over25 trasferta ultime10: 1.00;0.74;7.5;;;17.5;11.25;15.0;;;;2.0.0
2026-08-16;Sweden_Division1_Norra;Pitea;Vasalund;51.88;MEDIA;20;2026-08-16;Sweden_Division1_Norra;Sweden_Division1_Norra;;Ranking gap: 0.119 | Attacco casa: 1.00/gara | Difesa trasferta subisce: 2.00/gara | Over25 casa ultime10: 0.60 | Over25 trasferta ultime10: 0.70;2.38;10.0;;;20.0;9.0;10.5;;;;2.0.0
2026-08-16;Australia_NPLNorthernNSW;Valentine;Weston Bears;51.83;MEDIA;25;2026-08-16;Australia_NPLNorthernNSW;Australia_NPLNorthernNSW;;Ranking gap: 0.307 | Attacco casa: 1.05/gara | Difesa trasferta subisce: 1.57/gara | Over25 casa ultime10: 0.50 | Over25 trasferta ultime10: 0.80;6.14;10.48;;;15.71;7.5;12.0;;;;2.0.0
2026-08-16;Russia_PremierLeague;Baltika;Sp. Mosca;51.73;MEDIA;5;2026-08-16;Russia_PremierLeague;Russia_PremierLeague;;Ranking gap: 0.003 | Attacco casa: 1.67/gara | Difesa trasferta subisce: 1.00/gara | Over25 casa ultime10: 0.67 | Over25 trasferta ultime10: 1.00;0.06;16.67;;;10.0;10.0;15.0;;;;2.0.0
2026-08-16;Germany_Regionalliga_Nordost;Altglienicke;Hallescher;51.67;MEDIA;7;2026-08-16;Germany_Regionalliga_Nordost;Germany_Regionalliga_Nordost;;Ranking gap: 0.021 | Attacco casa: 2.75/gara | Difesa trasferta subisce: 0.75/gara | Over25 casa ultime10: 1.00 | Over25 trasferta ultime10: 0.25;0.42;25.0;;;7.5;15.0;3.75;;;;2.0.0
2026-08-16;USA_USLChampionship;Orange County SC;Louisville City;51.65;MEDIA;29;2026-08-16;USA_USLChampionship;USA_USLChampionship;;Ranking gap: 0.077 | Attacco casa: 1.53/gara | Difesa trasferta subisce: 1.68/gara | Over25 casa ultime10: 0.70 | Over25 trasferta ultime10: 0.50;1.54;15.26;;;16.84;10.5;7.5;;;;2.0.0
2026-08-16;Sweden_Division2_NorraGotaland;Karlstad II;Lidkoping;51.56;MEDIA;20;2026-08-16;Sweden_Division2_NorraGotaland;Sweden_Division2_NorraGotaland;;Ranking gap: 0.088 | Attacco casa: 1.06/gara | Difesa trasferta subisce: 2.12/gara | Over25 casa ultime10: 0.50 | Over25 trasferta ultime10: 0.70;1.76;10.62;;;21.18;7.5;10.5;;;;2.0.0
2026-08-16;Estonia_Meistriliiga;Kalju;Parnu JK Vaprus;51.53;MEDIA;26;2026-08-16;Estonia_Meistriliiga;Estonia_Meistriliiga;;Ranking gap: 0.125 | Attacco casa: 1.86/gara | Difesa trasferta subisce: 1.70/gara | Over25 casa ultime10: 0.40 | Over25 trasferta ultime10: 0.50;2.5;18.57;;;16.96;6.0;7.5;;;;2.0.0
2026-08-16;Norway_OBOSLigaen;Egersund;Stabaek;51.51;MEDIA;19;2026-08-16;Norway_OBOSLigaen;Norway_OBOSLigaen;;Ranking gap: 0.130 | Attacco casa: 1.82/gara | Difesa trasferta subisce: 1.12/gara | Over25 casa ultime10: 0.70 | Over25 trasferta ultime10: 0.60;2.6;18.24;;;11.18;10.5;9.0;;;;2.0.0
2026-08-16;Norway_2ndDivision_Group2;Skeid;Levanger;51.47;MEDIA;18;2026-08-16;Norway_2ndDivision_Group2;Norway_2ndDivision_Group2;;Ranking gap: 0.232 | Attacco casa: 1.47/gara | Difesa trasferta subisce: 1.27/gara | Over25 casa ultime10: 0.50 | Over25 trasferta ultime10: 0.80;4.64;14.67;;;12.67;7.5;12.0;;;;2.0.0
2026-08-16;Norway_2ndDivision_Group2;Follo;Rana FK;51.16;MEDIA;18;2026-08-16;Norway_2ndDivision_Group2;Norway_2ndDivision_Group2;;Ranking gap: 0.083 | Attacco casa: 1.07/gara | Difesa trasferta subisce: 1.93/gara | Over25 casa ultime10: 0.50 | Over25 trasferta ultime10: 0.80;1.66;10.71;;;19.29;7.5;12.0;;;;2.0.0
2026-08-16;Sweden_Division2_SodraGotaland;Vaxjo Norra;Staffanstorp United;50.65;MEDIA;21;2026-08-16;Sweden_Division2_SodraGotaland;Sweden_Division2_SodraGotaland;;Ranking gap: 0.070 | Attacco casa: 1.31/gara | Difesa trasferta subisce: 1.81/gara | Over25 casa ultime10: 0.60 | Over25 trasferta ultime10: 0.60;1.4;13.12;;;18.12;9.0;9.0;;;;2.0.0
2026-08-16;USA_USLLeagueOne;Fort Wayne;Chattanooga Red Wolves;50.38;MEDIA;30;2026-08-16;USA_USLLeagueOne;USA_USLLeagueOne;;Ranking gap: 0.301 | Attacco casa: 1.32/gara | Difesa trasferta subisce: 1.47/gara | Over25 casa ultime10: 0.50 | Over25 trasferta ultime10: 0.60;6.02;13.16;;;14.71;7.5;9.0;;;;2.0.0
2026-08-16;Slovenia_PrvaLiga;Grosuplje;Mura;50.36;MEDIA;6;2026-08-16;Slovenia_PrvaLiga;Slovenia_PrvaLiga;;Ranking gap: 0.018 | Attacco casa: 1.00/gara | Difesa trasferta subisce: 2.50/gara | Over25 casa ultime10: 0.25 | Over25 trasferta ultime10: 0.75;0.36;10.0;;;25.0;3.75;11.25;;;;2.0.0
2026-08-16;Slovakia_2Liga;Malzenice;Povazska Bystrica;50.28;MEDIA;5;2026-08-16;Slovakia_2Liga;Slovakia_2Liga;;Ranking gap: 0.014 | Attacco casa: 1.67/gara | Difesa trasferta subisce: 1.33/gara | Over25 casa ultime10: 0.33 | Over25 trasferta ultime10: 1.00;0.28;16.67;;;13.33;5.0;15.0;;;;2.0.0
2026-08-16;Lithuania_Toplyga;Kauno Zalgiris;Transinvest;50.23;MEDIA;30;2026-08-16;Lithuania_Toplyga;Lithuania_Toplyga;;Ranking gap: 0.044 | Attacco casa: 2.05/gara | Difesa trasferta subisce: 1.24/gara | Over25 casa ultime10: 0.40 | Over25 trasferta ultime10: 0.70;0.88;20.45;;;12.4;6.0;10.5;;;;2.0.0
2026-08-16;CzechRepublic_1Liga;Ostrava;Artis Brno;50.22;MEDIA;5;2026-08-16;CzechRepublic_1Liga;CzechRepublic_1Liga;;Ranking gap: 0.011 | Attacco casa: 0.67/gara | Difesa trasferta subisce: 2.33/gara | Over25 casa ultime10: 0.67 | Over25 trasferta ultime10: 0.67;0.22;6.67;;;23.33;10.0;10.0;;;;2.0.0
2026-08-16;Sweden_Allsvenskan;Degerfors;Göteborg;50.12;MEDIA;23;2026-08-16;Sweden_Allsvenskan;Sweden_Allsvenskan;;Ranking gap: 0.075 | Attacco casa: 0.88/gara | Difesa trasferta subisce: 2.19/gara | Over25 casa ultime10: 0.50 | Over25 trasferta ultime10: 0.70;1.5;8.75;;;21.88;7.5;10.5;;;;2.0.0
2026-08-16;Bolivia_DivisionProfesional;Always Ready;Real Potosi;50.05;MEDIA;20;2026-08-16;Bolivia_DivisionProfesional;Bolivia_DivisionProfesional;;Ranking gap: 0.142 | Attacco casa: 2.21/gara | Difesa trasferta subisce: 0.86/gara | Over25 casa ultime10: 0.60 | Over25 trasferta ultime10: 0.50;2.84;22.14;;;8.57;9.0;7.5;;;;2.0.0
2026-08-16;Norway_Eliteserien;Molde;Tromsø;49.89;MEDIA;26;2026-08-16;Norway_Eliteserien;Norway_Eliteserien;;Ranking gap: 0.082 | Attacco casa: 1.81/gara | Difesa trasferta subisce: 1.06/gara | Over25 casa ultime10: 0.70 | Over25 trasferta ultime10: 0.60;1.64;18.12;;;10.62;10.5;9.0;;;;2.0.0
2026-08-16;USA_USLChampionship;Las Vegas Lights;Brooklyn;49.75;MEDIA;29;2026-08-16;USA_USLChampionship;USA_USLChampionship;;Ranking gap: 0.112 | Attacco casa: 1.37/gara | Difesa trasferta subisce: 1.88/gara | Over25 casa ultime10: 0.40 | Over25 trasferta ultime10: 0.60;2.24;13.68;;;18.82;6.0;9.0;;;;2.0.0
2026-08-16;USA_USLLeagueOne;Spokane Velocity;Corpus Christi FC;49.51;MEDIA;30;2026-08-16;USA_USLLeagueOne;USA_USLLeagueOne;;Ranking gap: 0.381 | Attacco casa: 1.39/gara | Difesa trasferta subisce: 1.30/gara | Over25 casa ultime10: 0.60 | Over25 trasferta ultime10: 0.40;7.62;13.89;;;13.0;9.0;6.0;;;;2.0.0
2026-08-16;Australia_NPLNSW;Marconi;Sutherland;48.92;MEDIA;30;2026-08-16;Australia_NPLNSW;Australia_NPLNSW;;Ranking gap: 0.103 | Attacco casa: 1.75/gara | Difesa trasferta subisce: 1.29/gara | Over25 casa ultime10: 0.30 | Over25 trasferta ultime10: 0.80;2.06;17.5;;;12.86;4.5;12.0;;;;2.0.0
2026-08-16;Peru_Liga1_Clausura;FC Cajamarca;U. de Deportes;48.49;MEDIA;5;2026-08-16;Peru_Liga1_Clausura;Peru_Liga1_Clausura;;Ranking gap: 0.008 | Attacco casa: 2.00/gara | Difesa trasferta subisce: 1.33/gara | Over25 casa ultime10: 0.67 | Over25 trasferta ultime10: 0.33;0.16;20.0;;;13.33;10.0;5.0;;;;2.0.0
2026-08-16;Estonia_Meistriliiga;Harju JK Laagri;Levadia;48.31;MEDIA;26;2026-08-16;Estonia_Meistriliiga;Estonia_Meistriliiga;;Ranking gap: 0.270 | Attacco casa: 1.45/gara | Difesa trasferta subisce: 0.74/gara | Over25 casa ultime10: 0.70 | Over25 trasferta ultime10: 0.70;5.4;14.55;;;7.37;10.5;10.5;;;;2.0.0
2026-08-16;SouthKorea_KLeague2;Daegu;Asan;47.78;MEDIA;23;2026-08-16;SouthKorea_KLeague2;SouthKorea_KLeague2;;Ranking gap: 0.064 | Attacco casa: 1.95/gara | Difesa trasferta subisce: 1.20/gara | Over25 casa ultime10: 0.60 | Over25 trasferta ultime10: 0.40;1.28;19.5;;;12.0;9.0;6.0;;;;2.0.0
2026-08-16;Iceland_BestaDeildKarla;Hafnarfjordur;Vikingur Reykjavik;47.67;MEDIA;25;2026-08-16;Iceland_BestaDeildKarla;Iceland_BestaDeildKarla;;Ranking gap: 0.503 | Attacco casa: 1.22/gara | Difesa trasferta subisce: 0.89/gara | Over25 casa ultime10: 0.20 | Over25 trasferta ultime10: 0.90;10.06;12.22;;;8.89;3.0;13.5;;;;2.0.0
2026-08-16;Australia_NPLNorthernNSW;Maitland;Edgeworth E.;47.6;MEDIA;25;2026-08-16;Australia_NPLNorthernNSW;Australia_NPLNorthernNSW;;Ranking gap: 0.035 | Attacco casa: 1.81/gara | Difesa trasferta subisce: 1.38/gara | Over25 casa ultime10: 0.50 | Over25 trasferta ultime10: 0.50;0.7;18.1;;;13.81;7.5;7.5;;;;2.0.0
2026-08-16;USA_MLSNextPro_WesternConference_CentralDivision;Sporting Kansas City II;Colorado Rapids 2;47.47;MEDIA;25;2026-08-16;USA_MLSNextPro_WesternConference_CentralDivision;USA_MLSNextPro_WesternConference_CentralDivision;;Ranking gap: 0.099 | Attacco casa: 1.11/gara | Difesa trasferta subisce: 1.94/gara | Over25 casa ultime10: 0.70 | Over25 trasferta ultime10: 0.30;1.98;11.11;;;19.38;10.5;4.5;;;;2.0.0
2026-08-16;Germany_Oberliga_Hessen;RW Walldorf;Pohlheim;47.21;MEDIA;5;2026-08-16;Germany_Oberliga_Hessen;Germany_Oberliga_Hessen;;Ranking gap: 0.027 | Attacco casa: 0.67/gara | Difesa trasferta subisce: 2.00/gara | Over25 casa ultime10: 0.67 | Over25 trasferta ultime10: 0.67;0.54;6.67;;;20.0;10.0;10.0;;;;2.0.0
2026-08-16;Sweden_Division2_SodraGotaland;Osterlen;Oskarshamn;47.16;MEDIA;21;2026-08-16;Sweden_Division2_SodraGotaland;Sweden_Division2_SodraGotaland;;Ranking gap: 0.114 | Attacco casa: 1.50/gara | Difesa trasferta subisce: 1.19/gara | Over25 casa ultime10: 0.70 | Over25 trasferta ultime10: 0.50;2.28;15.0;;;11.88;10.5;7.5;;;;2.0.0
2026-08-16;Slovakia_2Liga;Petrzalka;Presov;47.05;MEDIA;5;2026-08-16;Slovakia_2Liga;Slovakia_2Liga;;Ranking gap: 0.019 | Attacco casa: 3.00/gara | Difesa trasferta subisce: 0.67/gara | Over25 casa ultime10: 0.67 | Over25 trasferta ultime10: 0.33;0.38;25.0;;;6.67;10.0;5.0;;;;2.0.0
2026-08-16;USA_MLS;Real Salt Lake;Minnesota;46.91;MEDIA;21;2026-08-16;USA_MLS;USA_MLS;;Ranking gap: 0.048 | Attacco casa: 1.71/gara | Difesa trasferta subisce: 1.39/gara | Over25 casa ultime10: 0.60 | Over25 trasferta ultime10: 0.40;0.96;17.06;;;13.89;9.0;6.0;;;;2.0.0
2026-08-16;USA_MLS;CF Montreal;DC United;46.88;MEDIA;21;2026-08-16;USA_MLS;USA_MLS;;Ranking gap: 0.047 | Attacco casa: 1.33/gara | Difesa trasferta subisce: 1.61/gara | Over25 casa ultime10: 0.40 | Over25 trasferta ultime10: 0.70;0.94;13.33;;;16.11;6.0;10.5;;;;2.0.0
2026-08-16;Moldova_SuperLiga;Real Sireti;S. Tiraspol;46.85;MEDIA;9;2026-08-16;Moldova_SuperLiga;Moldova_SuperLiga;;Ranking gap: 0.771 | Attacco casa: 0.71/gara | Difesa trasferta subisce: 0.71/gara | Over25 casa ultime10: 0.57 | Over25 trasferta ultime10: 0.57;15.42;7.14;;;7.14;8.57;8.57;;;;2.0.0
2026-08-16;Sweden_Allsvenskan;GAIS;Malmo FF;46.78;MEDIA;23;2026-08-16;Sweden_Allsvenskan;Sweden_Allsvenskan;;Ranking gap: 0.014 | Attacco casa: 1.31/gara | Difesa trasferta subisce: 1.69/gara | Over25 casa ultime10: 0.20 | Over25 trasferta ultime10: 0.90;0.28;13.12;;;16.88;3.0;13.5;;;;2.0.0
2026-08-16;Poland_IIILiga_Group3;ROW Rybnik;Sosnowiec;46.66;MEDIA;4;2026-08-16;Poland_IIILiga_Group3;Poland_IIILiga_Group3;;Ranking gap: 0.708 | Attacco casa: 2.50/gara | Difesa trasferta subisce: 0.00/gara | Over25 casa ultime10: 0.50 | Over25 trasferta ultime10: 0.00;14.16;25.0;;;0.0;7.5;0.0;;;;2.0.0
2026-08-16;Bhutan_PremierLeague;Ugyen Academy;Tensung;46.61;MEDIA;14;2026-08-16;Bhutan_PremierLeague;Bhutan_PremierLeague;;Ranking gap: 0.039 | Attacco casa: 0.58/gara | Difesa trasferta subisce: 2.75/gara | Over25 casa ultime10: 0.40 | Over25 trasferta ultime10: 0.60;0.78;5.83;;;25.0;6.0;9.0;;;;2.0.0
2026-08-16;Ukraine_PremierLeague;FC Kharkiv;Shakhtar;46.5;MEDIA;4;2026-08-16;Ukraine_PremierLeague;Ukraine_PremierLeague;;Ranking gap: 0.825 | Attacco casa: 1.00/gara | Difesa trasferta subisce: 0.50/gara | Over25 casa ultime10: 0.50 | Over25 trasferta ultime10: 0.50;16.5;10.0;;;5.0;7.5;7.5;;;;2.0.0
2026-08-16;FaroeIslands_PremierLeague;Skala Itrottarfelag;Vikingur;46.3;MEDIA;23;2026-08-16;FaroeIslands_PremierLeague;FaroeIslands_PremierLeague;;Ranking gap: 0.293 | Attacco casa: 0.94/gara | Difesa trasferta subisce: 1.00/gara | Over25 casa ultime10: 0.70 | Over25 trasferta ultime10: 0.70;5.86;9.44;;;10.0;10.5;10.5;;;;2.0.0
2026-08-16;Norway_Eliteserien;Fredrikstad;Kristiansund;46.27;MEDIA;26;2026-08-16;Norway_Eliteserien;Norway_Eliteserien;;Ranking gap: 0.070 | Attacco casa: 1.06/gara | Difesa trasferta subisce: 1.62/gara | Over25 casa ultime10: 0.50 | Over25 trasferta ultime10: 0.70;1.4;10.62;;;16.25;7.5;10.5;;;;2.0.0
2026-08-16;USA_USLChampionship;Tampa Bay;Rhode Island;46.24;MEDIA;29;2026-08-16;USA_USLChampionship;USA_USLChampionship;;Ranking gap: 0.131 | Attacco casa: 1.89/gara | Difesa trasferta subisce: 1.12/gara | Over25 casa ultime10: 0.60 | Over25 trasferta ultime10: 0.30;2.62;18.95;;;11.18;9.0;4.5;;;;2.0.0
2026-08-16;Norway_2ndDivision_Group1;Pors;Bjarg;46.15;MEDIA;16;2026-08-16;Norway_2ndDivision_Group1;Norway_2ndDivision_Group1;;Ranking gap: 0.074 | Attacco casa: 1.13/gara | Difesa trasferta subisce: 1.53/gara | Over25 casa ultime10: 0.50 | Over25 trasferta ultime10: 0.70;1.48;11.33;;;15.33;7.5;10.5;;;;2.0.0
2026-08-16;USA_USLChampionship;Detroit;Loudoun;46.13;MEDIA;29;2026-08-16;USA_USLChampionship;USA_USLChampionship;;Ranking gap: 0.151 | Attacco casa: 1.44/gara | Difesa trasferta subisce: 1.67/gara | Over25 casa ultime10: 0.40 | Over25 trasferta ultime10: 0.40;3.02;14.44;;;16.67;6.0;6.0;;;;2.0.0
2026-08-16;Norway_Eliteserien;Sarpsborg 08;Sandefjord;45.8;MEDIA;26;2026-08-16;Norway_Eliteserien;Norway_Eliteserien;;Ranking gap: 0.109 | Attacco casa: 1.19/gara | Difesa trasferta subisce: 1.38/gara | Over25 casa ultime10: 0.70 | Over25 trasferta ultime10: 0.50;2.18;11.88;;;13.75;10.5;7.5;;;;2.0.0
2026-08-16;Finland_Ykkosliiga;Mikkeli;Ekenas;45.23;MEDIA;22;2026-08-16;Finland_Ykkosliiga;Finland_Ykkosliiga;;Ranking gap: 0.299 | Attacco casa: 1.06/gara | Difesa trasferta subisce: 1.67/gara | Over25 casa ultime10: 0.50 | Over25 trasferta ultime10: 0.30;5.98;10.59;;;16.67;7.5;4.5;;;;2.0.0
2026-08-16;USA_USLChampionship;Oakland Roots;Monterey Bay;45.22;MEDIA;29;2026-08-16;USA_USLChampionship;USA_USLChampionship;;Ranking gap: 0.061 | Attacco casa: 1.25/gara | Difesa trasferta subisce: 1.80/gara | Over25 casa ultime10: 0.30 | Over25 trasferta ultime10: 0.60;1.22;12.5;;;18.0;4.5;9.0;;;;2.0.0
2026-08-16;Romania_Superliga;Otelul;Univ. Craiova;45.2;MEDIA;6;2026-08-16;Romania_Superliga;Romania_Superliga;;Ranking gap: 0.010 | Attacco casa: 1.00/gara | Difesa trasferta subisce: 2.00/gara | Over25 casa ultime10: 0.33 | Over25 trasferta ultime10: 0.67;0.2;10.0;;;20.0;5.0;10.0;;;;2.0.0
2026-08-16;SouthKorea_KLeague2;Gimpo FC;Cheonan City;45.04;MEDIA;23;2026-08-16;SouthKorea_KLeague2;SouthKorea_KLeague2;;Ranking gap: 0.152 | Attacco casa: 1.25/gara | Difesa trasferta subisce: 1.45/gara | Over25 casa ultime10: 0.30 | Over25 trasferta ultime10: 0.70;3.04;12.5;;;14.5;4.5;10.5;;;;2.0.0
2026-08-16;USA_USLChampionship;Sporting Jax;Indy Eleven;44.68;BASSA;29;2026-08-16;USA_USLChampionship;USA_USLChampionship;;Ranking gap: 0.111 | Attacco casa: 1.21/gara | Difesa trasferta subisce: 1.24/gara | Over25 casa ultime10: 0.90 | Over25 trasferta ultime10: 0.30;2.22;12.11;;;12.35;13.5;4.5;;;;2.0.0
2026-08-16;Sweden_Allsvenskan;Kalmar;Hammarby;44.64;BASSA;23;2026-08-16;Sweden_Allsvenskan;Sweden_Allsvenskan;;Ranking gap: 0.207 | Attacco casa: 1.31/gara | Difesa trasferta subisce: 0.94/gara | Over25 casa ultime10: 0.60 | Over25 trasferta ultime10: 0.60;4.14;13.12;;;9.38;9.0;9.0;;;;2.0.0
2026-08-16;USA_MLS;Toronto FC;New England Revolution;44.64;BASSA;21;2026-08-16;USA_MLS;USA_MLS;;Ranking gap: 0.129 | Attacco casa: 1.28/gara | Difesa trasferta subisce: 1.28/gara | Over25 casa ultime10: 0.60 | Over25 trasferta ultime10: 0.50;2.58;12.78;;;12.78;9.0;7.5;;;;2.0.0
2026-08-16;Sweden_Division1_Norra;FBK Karlstad;Enkoping SK;44.61;BASSA;20;2026-08-16;Sweden_Division1_Norra;Sweden_Division1_Norra;;Ranking gap: 0.037 | Attacco casa: 1.41/gara | Difesa trasferta subisce: 1.62/gara | Over25 casa ultime10: 0.40 | Over25 trasferta ultime10: 0.50;0.74;14.12;;;16.25;6.0;7.5;;;;2.0.0
2026-08-16;Belarus_VysshayaLiga;Dynamo Brest;Isloch;44.41;BASSA;21;2026-08-16;Belarus_VysshayaLiga;Belarus_VysshayaLiga;;Ranking gap: 0.034 | Attacco casa: 1.71/gara | Difesa trasferta subisce: 0.87/gara | Over25 casa ultime10: 0.70 | Over25 trasferta ultime10: 0.50;0.68;17.06;;;8.67;10.5;7.5;;;;2.0.0
2026-08-16;Slovakia_NikeLiga;Trnava;Michalovce;44.27;BASSA;5;2026-08-16;Slovakia_NikeLiga;Slovakia_NikeLiga;;Ranking gap: 0.047 | Attacco casa: 2.00/gara | Difesa trasferta subisce: 1.33/gara | Over25 casa ultime10: 0.67 | Over25 trasferta ultime10: 0.00;0.94;20.0;;;13.33;10.0;0.0;;;;2.0.0
2026-08-16;Serbia_SuperLiga;IMT Novi Beograd;Radnicki Nis;44.21;BASSA;6;2026-08-16;Serbia_SuperLiga;Serbia_SuperLiga;;Ranking gap: 0.044 | Attacco casa: 1.75/gara | Difesa trasferta subisce: 1.33/gara | Over25 casa ultime10: 0.50 | Over25 trasferta ultime10: 0.33;0.88;17.5;;;13.33;7.5;5.0;;;;2.0.0
2026-08-16;Germany_Oberliga_Hessen;CSC 03 Kassel;Friedberg;43.95;BASSA;5;2026-08-16;Germany_Oberliga_Hessen;Germany_Oberliga_Hessen;;Ranking gap: 0.031 | Attacco casa: 1.33/gara | Difesa trasferta subisce: 1.00/gara | Over25 casa ultime10: 1.00 | Over25 trasferta ultime10: 0.33;0.62;13.33;;;10.0;15.0;5.0;;;;2.0.0
2026-08-16;Romania_Superliga;Corvinul;CFR Cluj;43.93;BASSA;6;2026-08-16;Romania_Superliga;Romania_Superliga;;Ranking gap: 0.009 | Attacco casa: 1.00/gara | Difesa trasferta subisce: 1.50/gara | Over25 casa ultime10: 0.25 | Over25 trasferta ultime10: 1.00;0.18;10.0;;;15.0;3.75;15.0;;;;2.0.0
2026-08-16;Poland_Division1;LKS Lodz;Termalica B-B.;43.81;BASSA;5;2026-08-16;Poland_Division1;Poland_Division1;;Ranking gap: 0.024 | Attacco casa: 1.33/gara | Difesa trasferta subisce: 1.00/gara | Over25 casa ultime10: 0.67 | Over25 trasferta ultime10: 0.67;0.48;13.33;;;10.0;10.0;10.0;;;;2.0.0
2026-08-16;Kazakhstan_PremierLeague;Kyzylzhar;FC Astana;43.53;BASSA;33;2026-08-16;Kazakhstan_PremierLeague;Kazakhstan_PremierLeague;;Ranking gap: 0.255 | Attacco casa: 1.14/gara | Difesa trasferta subisce: 1.05/gara | Over25 casa ultime10: 0.60 | Over25 trasferta ultime10: 0.50;5.1;11.43;;;10.5;9.0;7.5;;;;2.0.0
2026-08-16;USA_MLS;Houston Dynamo;Los Angeles Galaxy;43.3;BASSA;21;2026-08-16;USA_MLS;USA_MLS;;Ranking gap: 0.093 | Attacco casa: 1.50/gara | Difesa trasferta subisce: 1.44/gara | Over25 casa ultime10: 0.30 | Over25 trasferta ultime10: 0.50;1.86;15.0;;;14.44;4.5;7.5;;;;2.0.0
2026-08-16;Sweden_Division1_Norra;Stockholm Internazionale;Arlanda;43.16;BASSA;20;2026-08-16;Sweden_Division1_Norra;Sweden_Division1_Norra;;Ranking gap: 0.014 | Attacco casa: 2.00/gara | Difesa trasferta subisce: 0.94/gara | Over25 casa ultime10: 0.60 | Over25 trasferta ultime10: 0.30;0.28;20.0;;;9.38;9.0;4.5;;;;2.0.0
2026-08-16;Slovenia_PrvaLiga;Radomlje;Aluminij;42.94;BASSA;6;2026-08-16;Slovenia_PrvaLiga;Slovenia_PrvaLiga;;Ranking gap: 0.022 | Attacco casa: 1.50/gara | Difesa trasferta subisce: 1.25/gara | Over25 casa ultime10: 0.75 | Over25 trasferta ultime10: 0.25;0.44;15.0;;;12.5;11.25;3.75;;;;2.0.0
2026-08-16;CzechRepublic_3MSFL;Havirov;Karvina B;42.84;BASSA;4;2026-08-16;CzechRepublic_3MSFL;CzechRepublic_3MSFL;;Ranking gap: 0.767 | Attacco casa: 0.50/gara | Difesa trasferta subisce: 1.50/gara | Over25 casa ultime10: 0.00 | Over25 trasferta ultime10: 0.50;15.34;5.0;;;15.0;0.0;7.5;;;;2.0.0
2026-08-16;Estonia_Meistriliiga;Narva;Paide;42.65;BASSA;26;2026-08-16;Estonia_Meistriliiga;Estonia_Meistriliiga;;Ranking gap: 0.246 | Attacco casa: 0.77/gara | Difesa trasferta subisce: 1.35/gara | Over25 casa ultime10: 0.60 | Over25 trasferta ultime10: 0.50;4.92;7.73;;;13.5;9.0;7.5;;;;2.0.0
2026-08-16;Kazakhstan_PremierLeague;Kaspij Aktau;Yelimay Semey;42.54;BASSA;33;2026-08-16;Kazakhstan_PremierLeague;Kazakhstan_PremierLeague;;Ranking gap: 0.202 | Attacco casa: 1.00/gara | Difesa trasferta subisce: 1.20/gara | Over25 casa ultime10: 0.50 | Over25 trasferta ultime10: 0.60;4.04;10.0;;;12.0;7.5;9.0;;;;2.0.0
2026-08-16;Kazakhstan_PremierLeague;Atyrau;Okzhetpes;42.53;BASSA;33;2026-08-16;Kazakhstan_PremierLeague;Kazakhstan_PremierLeague;;Ranking gap: 0.161 | Attacco casa: 0.75/gara | Difesa trasferta subisce: 1.38/gara | Over25 casa ultime10: 0.30 | Over25 trasferta ultime10: 0.90;3.22;7.5;;;13.81;4.5;13.5;;;;2.0.0
2026-08-16;Mexico_LigaExpansionMX_Apertura;Leones Negros;Jaiba Brava;42.37;BASSA;5;2026-08-16;Mexico_LigaExpansionMX_Apertura;Mexico_LigaExpansionMX_Apertura;;Ranking gap: 0.035 | Attacco casa: 2.33/gara | Difesa trasferta subisce: 0.33/gara | Over25 casa ultime10: 0.67 | Over25 trasferta ultime10: 0.33;0.7;23.33;;;3.33;10.0;5.0;;;;2.0.0
2026-08-16;USA_MLSNextPro_WesternConference_PacificDivision;North Texas;Portland Timbers 2;41.89;BASSA;26;2026-08-16;USA_MLSNextPro_WesternConference_PacificDivision;USA_MLSNextPro_WesternConference_PacificDivision;;Ranking gap: 0.186 | Attacco casa: 1.40/gara | Difesa trasferta subisce: 1.07/gara | Over25 casa ultime10: 0.60 | Over25 trasferta ultime10: 0.30;3.72;14.0;;;10.67;9.0;4.5;;;;2.0.0
2026-08-16;Denmark_1stDivision;Vendsyssel;AB Copenhagen;41.73;BASSA;5;2026-08-16;Denmark_1stDivision;Denmark_1stDivision;;Ranking gap: 0.003 | Attacco casa: 1.33/gara | Difesa trasferta subisce: 1.33/gara | Over25 casa ultime10: 0.67 | Over25 trasferta ultime10: 0.33;0.06;13.33;;;13.33;10.0;5.0;;;;2.0.0
2026-08-16;Belarus_PershayaLiga;Ostrovets;BumProm Gomel;41.54;BASSA;22;2026-08-16;Belarus_PershayaLiga;Belarus_PershayaLiga;;Ranking gap: 0.086 | Attacco casa: 1.21/gara | Difesa trasferta subisce: 1.42/gara | Over25 casa ultime10: 0.30 | Over25 trasferta ultime10: 0.60;1.72;12.11;;;14.21;4.5;9.0;;;;2.0.0
2026-08-16;FaroeIslands_PremierLeague;07 Vestur Sorvagur;B36 Torshavn;41.17;BASSA;23;2026-08-16;FaroeIslands_PremierLeague;FaroeIslands_PremierLeague;;Ranking gap: 0.178 | Attacco casa: 0.89/gara | Difesa trasferta subisce: 1.22/gara | Over25 casa ultime10: 0.60 | Over25 trasferta ultime10: 0.50;3.56;8.89;;;12.22;9.0;7.5;;;;2.0.0
2026-08-16;USA_USLChampionship;Sacramento Republic;Lexington;41.04;BASSA;29;2026-08-16;USA_USLChampionship;USA_USLChampionship;;Ranking gap: 0.024 | Attacco casa: 1.33/gara | Difesa trasferta subisce: 1.22/gara | Over25 casa ultime10: 0.40 | Over25 trasferta ultime10: 0.60;0.48;13.33;;;12.22;6.0;9.0;;;;2.0.0
2026-08-16;Sweden_Division2_SodraSvealand;Nacka FC;Orebro Syr.;40.87;BASSA;18;2026-08-16;Sweden_Division2_SodraSvealand;Sweden_Division2_SodraSvealand;;Ranking gap: 0.141 | Attacco casa: 1.12/gara | Difesa trasferta subisce: 1.19/gara | Over25 casa ultime10: 0.70 | Over25 trasferta ultime10: 0.30;2.82;11.18;;;11.88;10.5;4.5;;;;2.0.0
2026-08-16;Sweden_Superettan;Värnamo;Östersund;40.75;BASSA;22;2026-08-16;Sweden_Superettan;Sweden_Superettan;;Ranking gap: 0.243 | Attacco casa: 1.22/gara | Difesa trasferta subisce: 1.17/gara | Over25 casa ultime10: 0.60 | Over25 trasferta ultime10: 0.20;4.86;12.22;;;11.67;9.0;3.0;;;;2.0.0
2026-08-16;CzechRepublic_1Liga;Liberec;Slavia Praga;40.58;BASSA;5;2026-08-16;CzechRepublic_1Liga;CzechRepublic_1Liga;;Ranking gap: 0.029 | Attacco casa: 1.33/gara | Difesa trasferta subisce: 0.67/gara | Over25 casa ultime10: 0.33 | Over25 trasferta ultime10: 1.00;0.58;13.33;;;6.67;5.0;15.0;;;;2.0.0
2026-08-16;Denmark_Superliga;Randers;FC Copenhagen;40.42;BASSA;5;2026-08-16;Denmark_Superliga;Denmark_Superliga;;Ranking gap: 0.021 | Attacco casa: 1.00/gara | Difesa trasferta subisce: 1.50/gara | Over25 casa ultime10: 0.00 | Over25 trasferta ultime10: 1.00;0.42;10.0;;;15.0;0.0;15.0;;;;2.0.0
2026-08-16;Hungary_NBI;Debrecen;Győr;40.4;BASSA;5;2026-08-16;Hungary_NBI;Hungary_NBI;;Ranking gap: 0.020 | Attacco casa: 1.00/gara | Difesa trasferta subisce: 1.00/gara | Over25 casa ultime10: 0.33 | Over25 trasferta ultime10: 1.00;0.4;10.0;;;10.0;5.0;15.0;;;;2.0.0
2026-08-16;Germany_Oberliga_Hamburg;Sasel;Harksheide;40.2;BASSA;4;2026-08-16;Germany_Oberliga_Hamburg;Germany_Oberliga_Hamburg;;Ranking gap: 0.010 | Attacco casa: 1.00/gara | Difesa trasferta subisce: 1.50/gara | Over25 casa ultime10: 0.50 | Over25 trasferta ultime10: 0.50;0.2;10.0;;;15.0;7.5;7.5;;;;2.0.0
2026-08-16;Kazakhstan_PremierLeague;Ertis Pavlodar;Tobol;40.2;BASSA;33;2026-08-16;Kazakhstan_PremierLeague;Kazakhstan_PremierLeague;;Ranking gap: 0.135 | Attacco casa: 1.00/gara | Difesa trasferta subisce: 1.40/gara | Over25 casa ultime10: 0.50 | Over25 trasferta ultime10: 0.40;2.7;10.0;;;14.0;7.5;6.0;;;;2.0.0
2026-08-16;USA_USLChampionship;Colorado Springs;Birmingham;39.79;BASSA;29;2026-08-16;USA_USLChampionship;USA_USLChampionship;;Ranking gap: 0.069 | Attacco casa: 1.56/gara | Difesa trasferta subisce: 1.24/gara | Over25 casa ultime10: 0.40 | Over25 trasferta ultime10: 0.30;1.38;15.56;;;12.35;6.0;4.5;;;;2.0.0
2026-08-16;Kyrgyzstan_PremierLiga;Alay Osh;Talant;39.65;BASSA;23;2026-08-16;Kyrgyzstan_PremierLiga;Kyrgyzstan_PremierLiga;;Ranking gap: 0.152 | Attacco casa: 1.44/gara | Difesa trasferta subisce: 1.17/gara | Over25 casa ultime10: 0.50 | Over25 trasferta ultime10: 0.20;3.04;14.44;;;11.67;7.5;3.0;;;;2.0.0
2026-08-16;USA_USLChampionship;San Antonio;El Paso;39.37;BASSA;29;2026-08-16;USA_USLChampionship;USA_USLChampionship;;Ranking gap: 0.049 | Attacco casa: 1.37/gara | Difesa trasferta subisce: 1.42/gara | Over25 casa ultime10: 0.50 | Over25 trasferta ultime10: 0.20;0.98;13.68;;;14.21;7.5;3.0;;;;2.0.0
2026-08-16;SouthKorea_KLeague1;Ulsan HD;Gangwon;39.32;BASSA;24;2026-08-16;SouthKorea_KLeague1;SouthKorea_KLeague1;;Ranking gap: 0.091 | Attacco casa: 1.59/gara | Difesa trasferta subisce: 0.81/gara | Over25 casa ultime10: 0.60 | Over25 trasferta ultime10: 0.30;1.82;15.91;;;8.1;9.0;4.5;;;;2.0.0
2026-08-16;Lithuania_Toplyga;Zalgiris;Banga;38.84;BASSA;30;2026-08-16;Lithuania_Toplyga;Lithuania_Toplyga;;Ranking gap: 0.040 | Attacco casa: 1.38/gara | Difesa trasferta subisce: 0.77/gara | Over25 casa ultime10: 0.70 | Over25 trasferta ultime10: 0.40;0.8;13.81;;;7.73;10.5;6.0;;;;2.0.0
2026-08-16;CzechRepublic_ChNL;Zizkov;Ostrava B;38.71;BASSA;5;2026-08-16;CzechRepublic_ChNL;CzechRepublic_ChNL;;Ranking gap: 0.019 | Attacco casa: 0.67/gara | Difesa trasferta subisce: 1.67/gara | Over25 casa ultime10: 0.33 | Over25 trasferta ultime10: 0.67;0.38;6.67;;;16.67;5.0;10.0;;;;2.0.0
2026-08-16;Ukraine_PershaLiga;Inhulets;Nyva Ternopil;38.65;BASSA;5;2026-08-16;Ukraine_PershaLiga;Ukraine_PershaLiga;;Ranking gap: 0.016 | Attacco casa: 1.33/gara | Difesa trasferta subisce: 1.00/gara | Over25 casa ultime10: 1.00 | Over25 trasferta ultime10: 0.00;0.32;13.33;;;10.0;15.0;0.0;;;;2.0.0
2026-08-16;SouthKorea_KLeague1;Incheon;Gimcheon Sangmu;38.58;BASSA;24;2026-08-16;SouthKorea_KLeague1;SouthKorea_KLeague1;;Ranking gap: 0.101 | Attacco casa: 1.33/gara | Difesa trasferta subisce: 1.27/gara | Over25 casa ultime10: 0.40 | Over25 trasferta ultime10: 0.30;2.02;13.33;;;12.73;6.0;4.5;;;;2.0.0
2026-08-16;Germany_Regionalliga_Nord;Bremer;Hannoverscher SC;38.41;BASSA;5;2026-08-16;Germany_Regionalliga_Nord;Germany_Regionalliga_Nord;;Ranking gap: 0.004 | Attacco casa: 0.33/gara | Difesa trasferta subisce: 2.00/gara | Over25 casa ultime10: 0.33 | Over25 trasferta ultime10: 0.67;0.08;3.33;;;20.0;5.0;10.0;;;;2.0.0
2026-08-16;Poland_Division2;S. Wola;Avia Swidnik;37.65;BASSA;5;2026-08-16;Poland_Division2;Poland_Division2;;Ranking gap: 0.049 | Attacco casa: 1.33/gara | Difesa trasferta subisce: 0.33/gara | Over25 casa ultime10: 0.67 | Over25 trasferta ultime10: 0.67;0.98;13.33;;;3.33;10.0;10.0;;;;2.0.0
2026-08-16;Germany_Oberliga_Hessen;Baunatal;Darmstadt U21;37.57;BASSA;5;2026-08-16;Germany_Oberliga_Hessen;Germany_Oberliga_Hessen;;Ranking gap: 0.045 | Attacco casa: 0.67/gara | Difesa trasferta subisce: 1.00/gara | Over25 casa ultime10: 0.67 | Over25 trasferta ultime10: 0.67;0.9;6.67;;;10.0;10.0;10.0;;;;2.0.0
2026-08-16;Bulgaria_ParvaLiga;Lok. Plovdiv;Dunav Ruse;36.87;BASSA;6;2026-08-16;Bulgaria_ParvaLiga;Bulgaria_ParvaLiga;;Ranking gap: 0.031 | Attacco casa: 0.50/gara | Difesa trasferta subisce: 2.00/gara | Over25 casa ultime10: 0.25 | Over25 trasferta ultime10: 0.50;0.62;5.0;;;20.0;3.75;7.5;;;;2.0.0
2026-08-16;USA_USLChampionship;Pittsburgh;Charleston;36.84;BASSA;29;2026-08-16;USA_USLChampionship;USA_USLChampionship;;Ranking gap: 0.084 | Attacco casa: 1.05/gara | Difesa trasferta subisce: 1.26/gara | Over25 casa ultime10: 0.20 | Over25 trasferta ultime10: 0.60;1.68;10.53;;;12.63;3.0;9.0;;;;2.0.0
2026-08-16;Slovenia_PrvaLiga;Koper;Bravo;36.49;BASSA;6;2026-08-16;Slovenia_PrvaLiga;Slovenia_PrvaLiga;;Ranking gap: 0.012 | Attacco casa: 1.25/gara | Difesa trasferta subisce: 1.25/gara | Over25 casa ultime10: 0.25 | Over25 trasferta ultime10: 0.50;0.24;12.5;;;12.5;3.75;7.5;;;;2.0.0
2026-08-16;Bolivia_DivisionProfesional;Blooming;Aurora;36.37;BASSA;20;2026-08-16;Bolivia_DivisionProfesional;Bolivia_DivisionProfesional;;Ranking gap: 0.083 | Attacco casa: 1.21/gara | Difesa trasferta subisce: 1.36/gara | Over25 casa ultime10: 0.10 | Over25 trasferta ultime10: 0.50;1.66;12.14;;;13.57;1.5;7.5;;;;2.0.0
2026-08-16;Finland_Veikkausliiga;Lahti;KuPS;36.33;BASSA;22;2026-08-16;Finland_Veikkausliiga;Finland_Veikkausliiga;;Ranking gap: 0.340 | Attacco casa: 1.16/gara | Difesa trasferta subisce: 0.89/gara | Over25 casa ultime10: 0.10 | Over25 trasferta ultime10: 0.50;6.8;11.58;;;8.95;1.5;7.5;;;;2.0.0
2026-08-16;Russia_PremierLeague;Samara;Dynamo Makhachkala;35.76;BASSA;5;2026-08-16;Russia_PremierLeague;Russia_PremierLeague;;Ranking gap: 0.038 | Attacco casa: 0.33/gara | Difesa trasferta subisce: 1.67/gara | Over25 casa ultime10: 0.00 | Over25 trasferta ultime10: 1.00;0.76;3.33;;;16.67;0.0;15.0;;;;2.0.0
2026-08-16;Germany_Regionalliga_West;Colonia II;FC Gutersloh;35.22;BASSA;4;2026-08-16;Germany_Regionalliga_West;Germany_Regionalliga_West;;Ranking gap: 0.011 | Attacco casa: 1.50/gara | Difesa trasferta subisce: 0.50/gara | Over25 casa ultime10: 0.50 | Over25 trasferta ultime10: 0.50;0.22;15.0;;;5.0;7.5;7.5;;;;2.0.0
2026-08-16;Poland_Ekstraklasa;Cracovia;Rakow;35.2;BASSA;5;2026-08-16;Poland_Ekstraklasa;Poland_Ekstraklasa;;Ranking gap: 0.010 | Attacco casa: 0.00/gara | Difesa trasferta subisce: 2.00/gara | Over25 casa ultime10: 0.00 | Over25 trasferta ultime10: 1.00;0.2;0.0;;;20.0;0.0;15.0;;;;2.0.0
2026-08-16;Poland_Division2;Zawisza;Z. Gora;35.16;BASSA;5;2026-08-16;Poland_Division2;Poland_Division2;;Ranking gap: 0.008 | Attacco casa: 0.67/gara | Difesa trasferta subisce: 1.33/gara | Over25 casa ultime10: 0.33 | Over25 trasferta ultime10: 0.67;0.16;6.67;;;13.33;5.0;10.0;;;;2.0.0
2026-08-16;SriLanka_SuperLeague;Ratnam;UP Country Lions;35.16;BASSA;6;2026-08-16;SriLanka_SuperLeague;SriLanka_SuperLeague;;Ranking gap: 0.383 | Attacco casa: 0.00/gara | Difesa trasferta subisce: 0.50/gara | Over25 casa ultime10: 0.75 | Over25 trasferta ultime10: 0.75;7.66;0.0;;;5.0;11.25;11.25;;;;2.0.0
2026-08-16;USA_USLChampionship;New Mexico;FC Tulsa;34.43;BASSA;29;2026-08-16;USA_USLChampionship;USA_USLChampionship;;Ranking gap: 0.018 | Attacco casa: 1.56/gara | Difesa trasferta subisce: 0.94/gara | Over25 casa ultime10: 0.40 | Over25 trasferta ultime10: 0.20;0.36;15.62;;;9.44;6.0;3.0;;;;2.0.0
2026-08-16;SouthKorea_KLeague1;Bucheon;Jeonbuk;33.12;BASSA;24;2026-08-16;SouthKorea_KLeague1;SouthKorea_KLeague1;;Ranking gap: 0.222 | Attacco casa: 0.95/gara | Difesa trasferta subisce: 0.86/gara | Over25 casa ultime10: 0.40 | Over25 trasferta ultime10: 0.30;4.44;9.55;;;8.64;6.0;4.5;;;;2.0.0
2026-08-16;Finland_Veikkausliiga;Oulu;Inter Turku;32.71;BASSA;22;2026-08-16;Finland_Veikkausliiga;Finland_Veikkausliiga;;Ranking gap: 0.137 | Attacco casa: 1.21/gara | Difesa trasferta subisce: 0.74/gara | Over25 casa ultime10: 0.40 | Over25 trasferta ultime10: 0.30;2.74;12.11;;;7.37;6.0;4.5;;;;2.0.0
2026-08-16;Austria_Bundesliga;Hartberg;Austria Vienna;32.54;BASSA;4;2026-08-16;Austria_Bundesliga;Austria_Bundesliga;;Ranking gap: 0.002 | Attacco casa: 0.00/gara | Difesa trasferta subisce: 2.50/gara | Over25 casa ultime10: 0.00 | Over25 trasferta ultime10: 0.50;0.04;0.0;;;25.0;0.0;7.5;;;;2.0.0
2026-08-16;Hungary_NBII;Szentlorinc;Csakvari;32.05;BASSA;5;2026-08-16;Hungary_NBII;Hungary_NBII;;Ranking gap: 0.019 | Attacco casa: 0.50/gara | Difesa trasferta subisce: 1.67/gara | Over25 casa ultime10: 0.00 | Over25 trasferta ultime10: 0.67;0.38;5.0;;;16.67;0.0;10.0;;;;2.0.0
2026-08-16;SouthKorea_KLeague2;Paju Frontier;Seongnam;31.22;BASSA;23;2026-08-16;SouthKorea_KLeague2;SouthKorea_KLeague2;;Ranking gap: 0.057 | Attacco casa: 0.95/gara | Difesa trasferta subisce: 1.16/gara | Over25 casa ultime10: 0.30 | Over25 trasferta ultime10: 0.30;1.14;9.5;;;11.58;4.5;4.5;;;;2.0.0
2026-08-16;USA_USLChampionship;Hartford Athletic;Miami FC;30.94;BASSA;29;2026-08-16;USA_USLChampionship;USA_USLChampionship;;Ranking gap: 0.011 | Attacco casa: 0.72/gara | Difesa trasferta subisce: 1.60/gara | Over25 casa ultime10: 0.10 | Over25 trasferta ultime10: 0.40;0.22;7.22;;;16.0;1.5;6.0;;;;2.0.0
2026-08-16;Poland_Division1;Skierniewice;Legnica;30.32;BASSA;5;2026-08-16;Poland_Division1;Poland_Division1;;Ranking gap: 0.016 | Attacco casa: 1.33/gara | Difesa trasferta subisce: 0.67/gara | Over25 casa ultime10: 0.67 | Over25 trasferta ultime10: 0.00;0.32;13.33;;;6.67;10.0;0.0;;;;2.0.0
2026-08-16;Peru_Liga1_Clausura;Sporting Cristal;Huancayo;29.13;BASSA;5;2026-08-16;Peru_Liga1_Clausura;Peru_Liga1_Clausura;;Ranking gap: 0.040 | Attacco casa: 1.33/gara | Difesa trasferta subisce: 1.00/gara | Over25 casa ultime10: 0.00 | Over25 trasferta ultime10: 0.33;0.8;13.33;;;10.0;0.0;5.0;;;;2.0.0
2026-08-16;Mexico_LigaExpansionMX_Apertura;Cancun;Alacranes;28.86;BASSA;5;2026-08-16;Mexico_LigaExpansionMX_Apertura;Mexico_LigaExpansionMX_Apertura;;Ranking gap: 0.068 | Attacco casa: 0.50/gara | Difesa trasferta subisce: 1.00/gara | Over25 casa ultime10: 0.50 | Over25 trasferta ultime10: 0.33;1.36;5.0;;;10.0;7.5;5.0;;;;2.0.0
2026-08-16;Denmark_Superliga;Nordsjaelland;Silkeborg;28.51;BASSA;5;2026-08-16;Denmark_Superliga;Denmark_Superliga;;Ranking gap: 0.009 | Attacco casa: 1.00/gara | Difesa trasferta subisce: 1.33/gara | Over25 casa ultime10: 0.00 | Over25 trasferta ultime10: 0.33;0.18;10.0;;;13.33;0.0;5.0;;;;2.0.0
2026-08-16;Serbia_SuperLiga;Zemun;Mladost;28.12;BASSA;6;2026-08-16;Serbia_SuperLiga;Serbia_SuperLiga;;Ranking gap: 0.031 | Attacco casa: 0.50/gara | Difesa trasferta subisce: 0.75/gara | Over25 casa ultime10: 0.75 | Over25 trasferta ultime10: 0.25;0.62;5.0;;;7.5;11.25;3.75;;;;2.0.0
2026-08-16;Denmark_Superliga;Odense;Horsens;25.42;BASSA;5;2026-08-16;Denmark_Superliga;Denmark_Superliga;;Ranking gap: 0.021 | Attacco casa: 0.33/gara | Difesa trasferta subisce: 1.67/gara | Over25 casa ultime10: 0.00 | Over25 trasferta ultime10: 0.33;0.42;3.33;;;16.67;0.0;5.0;;;;2.0.0
2026-08-16;Ukraine_PershaLiga;Fenix Mariupol;Kolos Kovalivka 2;23.79;BASSA;5;2026-08-16;Ukraine_PershaLiga;Ukraine_PershaLiga;;Ranking gap: 0.023 | Attacco casa: 0.00/gara | Difesa trasferta subisce: 1.33/gara | Over25 casa ultime10: 0.33 | Over25 trasferta ultime10: 0.33;0.46;0.0;;;13.33;5.0;5.0;;;;2.0.0
2026-08-16;Austria_Bundesliga;Tirol;Salzburg;22.92;BASSA;4;2026-08-16;Austria_Bundesliga;Austria_Bundesliga;;Ranking gap: 0.021 | Attacco casa: 1.00/gara | Difesa trasferta subisce: 0.50/gara | Over25 casa ultime10: 0.50 | Over25 trasferta ultime10: 0.00;0.42;10.0;;;5.0;7.5;0.0;;;;2.0.0
2026-08-16;Hungary_NBII;Karcagi;Tiszakecske;22.05;BASSA;5;2026-08-16;Hungary_NBII;Hungary_NBII;;Ranking gap: 0.019 | Attacco casa: 1.00/gara | Difesa trasferta subisce: 0.67/gara | Over25 casa ultime10: 0.33 | Over25 trasferta ultime10: 0.00;0.38;10.0;;;6.67;5.0;0.0;;;;2.0.0
2026-08-16;Slovakia_NikeLiga;Komarno;Dun. Streda;20.36;BASSA;5;2026-08-16;Slovakia_NikeLiga;Slovakia_NikeLiga;;Ranking gap: 0.018 | Attacco casa: 1.00/gara | Difesa trasferta subisce: 0.50/gara | Over25 casa ultime10: 0.33 | Over25 trasferta ultime10: 0.00;0.36;10.0;;;5.0;5.0;0.0;;;;2.0.0
2026-08-16;Peru_Liga1_Clausura;Moquegua;Sport Boys;19.05;BASSA;5;2026-08-16;Peru_Liga1_Clausura;Peru_Liga1_Clausura;;Ranking gap: 0.036 | Attacco casa: 0.67/gara | Difesa trasferta subisce: 0.67/gara | Over25 casa ultime10: 0.33 | Over25 trasferta ultime10: 0.00;0.72;6.67;;;6.67;5.0;0.0;;;;2.0.0
2026-08-16;Montenegro_PrvaCrnogorskaLiga;Mladost DG;Mornar;17.72;BASSA;4;2026-08-16;Montenegro_PrvaCrnogorskaLiga;Montenegro_PrvaCrnogorskaLiga;;Ranking gap: 0.011 | Attacco casa: 1.00/gara | Difesa trasferta subisce: 0.00/gara | Over25 casa ultime10: 0.50 | Over25 trasferta ultime10: 0.00;0.22;10.0;;;0.0;7.5;0.0;;;;2.0.0
2026-08-16;Montenegro_PrvaCrnogorskaLiga;Arsenal Tivat;Buducnost;10.12;BASSA;4;2026-08-16;Montenegro_PrvaCrnogorskaLiga;Montenegro_PrvaCrnogorskaLiga;;Ranking gap: 0.006 | Attacco casa: 0.00/gara | Difesa trasferta subisce: 1.00/gara | Over25 casa ultime10: 0.00 | Over25 trasferta ultime10: 0.00;0.12;0.0;;;10.0;0.0;0.0;;;;2.0.0
2026-08-16;Montenegro_PrvaCrnogorskaLiga;Petrovac;Jezero;0.44;BASSA;4;2026-08-16;Montenegro_PrvaCrnogorskaLiga;Montenegro_PrvaCrnogorskaLiga;;Ranking gap: 0.022 | Attacco casa: 0.00/gara | Difesa trasferta subisce: 0.00/gara | Over25 casa ultime10: 0.00 | Over25 trasferta ultime10: 0.00;0.44;0.0;;;0.0;0.0;0.0;;;;2.0.0
